quartos,banheiros,metros_quadrados,valor
4,4,92.2,884876
5,1,53.5,694256
3,4,69.8,798757
5,4,134.7,1179744
5,4,103.1,1040384
2,1,113.8,686434
3,1,85.8,645731
3,5,69.8,794841
3,2,85.5,678841
5,2,120.0,1022840
4,5,40.3,658753
3,5,166.0,1170420
6,4,123.0,1121128
5,5,78.6,920110
2,3,132.5,872049
4,2,148.9,1101477
6,5,86.8,1062610
6,3,91.3,916799
2,3,159.7,938727
4,3,184.8,1240615
5,3,101.2,997018
1,4,53.7,581670
4,3,81.2,715753
2,4,141.3,994560
6,4,58.8,864467
5,3,91.7,896297
4,2,111.7,829453
1,3,63.1,492908
1,3,143.9,811899
3,3,127.8,921621
3,2,180.4,1179131
2,1,131.3,812224
4,1,61.6,702727
4,4,121.2,1051784
6,4,139.5,1256569
6,2,141.6,1184750
6,5,68.9,941378
3,1,64.1,444357
4,4,54.4,764673
4,1,164.2,979085
1,2,124.9,788198
3,2,67.2,649721
5,5,105.1,1030417
3,5,95.1,865931
5,2,61.1,724358
1,4,101.4,680404
2,1,107.6,701351
4,3,177.3,1259059
1,5,73.8,579828
4,3,31.6,531152
6,4,58.0,879347
2,5,64.3,736352
2,3,82.9,695767
1,4,58.1,415083
2,1,132.9,773382
5,4,55.4,822747
2,5,100.8,803605
4,2,180.0,1146163
4,1,122.1,842294
4,3,118.0,945737
4,5,174.3,1265362
5,2,149.8,1157213
3,4,122.6,918687
6,2,87.6,862261
1,5,99.1,745981
4,5,97.1,1041111
2,2,83.9,644007
4,4,108.5,997609
2,2,114.0,767447
6,5,50.2,848617
6,5,165.3,1381764
6,3,116.4,1053263
2,3,89.5,747277
4,1,108.8,834578
6,5,137.2,1204101
5,3,41.3,758629
2,2,95.8,654491
2,4,52.6,609214
4,2,206.3,1360877
2,4,105.5,686770
2,3,52.9,550735
6,1,244.0,1555275
4,2,78.6,612422
6,2,91.6,875739
6,2,94.5,922645
4,4,66.1,819651
1,3,109.9,705711
6,2,30.0,662406
5,2,143.4,1077655
5,1,54.9,701390
2,1,83.4,591293
5,3,130.1,1093416
2,3,91.8,646040
1,5,93.5,746553
4,1,59.5,736919
4,5,183.8,1396980
4,4,121.3,988699
5,5,56.7,947721
1,2,107.1,612903
5,5,53.9,878090
5,3,168.9,1257724
1,4,108.0,765041
1,2,61.0,455343
1,5,127.9,883187
1,4,88.9,650479
4,4,48.5,632277
3,2,115.2,772337
3,5,114.1,990209
1,4,145.5,890656
3,4,102.6,826110
3,1,104.3,870637
1,4,106.4,873291
3,1,163.8,1026192
5,5,87.6,1030262
2,5,118.8,883881
2,5,124.7,891752
1,3,114.0,715942
4,5,86.1,917391
1,4,104.8,777362
4,2,96.3,721624
2,1,178.4,1100020
1,3,81.7,600003
6,5,63.5,878201
5,5,99.8,1056757
3,2,96.9,701071
4,2,107.9,816804
6,3,81.7,884539
3,1,104.4,717042
3,5,105.2,1038465
1,3,136.2,837711
3,4,103.7,911435
5,4,104.1,1065371
6,3,120.7,1105704
3,5,134.7,1008126
1,3,60.7,413001
5,5,49.9,805209
2,2,167.8,1052383
6,3,128.2,1193503
3,5,91.2,883329
1,3,100.8,692990
2,3,84.3,662497
2,5,108.5,853956
4,5,61.1,768160
5,1,133.6,927657
3,3,107.0,931437
1,4,108.5,766648
4,3,64.2,696967
5,3,121.0,1135426
4,5,65.2,923824
6,3,72.3,1032670
5,3,103.5,953355
5,4,200.3,1456581
3,5,106.9,973411
5,3,30.0,718109
4,2,74.3,717450
5,1,127.3,923903
3,4,54.9,619208
3,3,133.2,1018470
6,2,106.4,1029639
4,3,139.7,1049793
2,3,77.6,627472
2,5,74.5,716735
5,5,122.6,1213649
6,5,99.7,1079197
1,2,97.3,547085
5,3,162.8,1323255
6,1,124.2,1029998
4,4,30.0,611033
4,5,132.0,1157381
4,5,128.0,1056368
4,3,147.4,1130808
4,3,62.4,691717
6,2,113.0,1084748
6,2,104.5,913406
3,5,61.7,760159
2,3,137.9,898856
4,1,90.3,701289
1,4,146.1,966059
6,3,70.3,878869
1,3,41.6,430395
1,2,90.3,639623
1,4,109.3,801319
3,5,78.6,759826
6,3,30.0,677912
1,5,115.3,862021
4,3,115.2,987910
5,5,127.5,1154142
1,4,84.8,661404
3,2,82.6,691270
6,4,157.6,1345802
3,1,37.0,367479
1,2,90.1,504767
6,4,105.7,982652
5,1,124.2,964361
1,3,106.8,632348
3,3,63.1,750877
2,5,146.7,1082876
4,2,100.1,771249
3,3,33.3,566516
6,2,108.4,1064526
1,3,119.0,816486
4,5,178.4,1292530
1,4,116.4,829377
6,5,40.7,915018
1,1,42.1,388100
2,3,150.3,890380
4,1,67.9,624613
4,1,38.0,458874
6,2,140.0,1243298
2,3,81.0,678920
3,1,137.9,925024
1,4,63.4,579168
5,1,159.0,1134050
1,4,134.9,833807
1,2,71.1,467591
3,1,33.6,414705
1,5,192.2,1152500
2,2,91.6,610504
2,4,69.5,642424
4,2,155.5,1049278
6,1,137.8,1092727
5,3,147.3,1140759
1,3,96.1,618025
1,4,175.2,1012208
3,4,47.6,624393
6,3,77.9,965045
2,4,115.6,892721
5,2,146.7,1033914
4,5,126.4,1141996
2,5,96.7,857274
6,2,81.0,928837
4,5,146.9,1245412
3,1,130.6,811208
3,2,65.0,587595
1,4,63.8,646754
6,2,78.2,958364
5,3,73.0,824893
4,4,141.2,1145526
2,3,117.4,852961
6,4,122.3,1258283
6,5,107.7,1171764
3,2,109.6,742364
1,1,36.7,261472
1,4,131.8,1019629
4,4,77.5,765642
3,3,98.7,806545
6,5,81.1,1150505
5,3,105.8,936269
3,3,122.9,776811
4,5,59.6,671256
4,1,110.1,785784
3,3,82.0,641032
4,3,152.9,1169720
3,4,55.4,672774
2,5,59.9,552855
3,2,85.6,615509
3,1,63.0,605391
4,1,91.0,749269
4,5,78.9,956662
1,4,103.5,791864
1,4,140.3,843926
2,5,102.9,896928
1,4,106.5,777366
3,1,57.7,421595
4,1,94.6,687770
1,2,83.1,665967
1,5,127.3,846313
2,3,69.4,622953
6,3,65.6,855549
2,2,112.7,756323
3,2,179.2,1110193
4,4,93.0,946588
2,2,106.7,767227
1,2,137.9,796540
4,3,120.4,926559
4,4,120.7,994526
1,2,96.2,524069
2,2,97.0,659646
1,4,69.8,495752
6,5,119.5,1218489
4,4,118.5,1028239
5,3,128.7,1129352
5,5,80.5,901136
3,1,133.2,801814
1,4,145.3,1000235
1,3,51.4,383051
3,5,88.1,959123
3,4,147.0,1025309
3,2,74.0,597234
4,4,121.2,1067317
6,1,100.3,949013
1,4,113.2,861635
4,5,101.6,892464
3,5,129.8,1070992
1,4,59.1,533828
4,5,63.5,761765
6,2,158.6,1327686
4,4,184.0,1319832
6,2,99.8,965882
3,2,168.6,1091448
6,3,69.1,794662
1,4,78.7,561884
3,5,158.3,1155716
1,2,132.2,780559
5,3,164.3,1302888
2,4,118.7,830093
6,4,59.5,832077
2,1,108.9,705315
2,1,148.1,849565
6,2,94.7,850043
3,1,88.5,612523
5,2,119.4,978005
1,5,77.6,661578
4,2,111.8,887683
1,1,102.5,516414
4,5,80.4,885174
1,1,139.2,793886
6,2,125.8,941896
5,3,85.9,872219
4,4,99.4,844208
3,1,89.1,659558
1,2,74.5,429804
1,5,32.1,471015
4,1,80.6,774242
3,1,75.0,548702
3,4,104.6,838958
6,2,117.6,1025833
6,3,67.9,891540
6,5,114.9,1136277
6,2,61.8,778865
6,5,95.0,1063972
6,1,75.9,788238
5,4,129.8,1150831
3,4,104.7,908572
6,3,95.6,926329
3,4,75.0,763780
3,1,86.8,808096
2,3,173.2,1146442
5,2,80.0,777711
6,4,119.2,1162888
1,3,95.5,648044
4,1,118.0,884121
1,5,133.5,899544
5,5,85.8,972826
4,1,128.4,871218
5,1,210.3,1400967
3,5,122.7,1027705
4,3,164.5,1186372
3,5,119.2,1057507
1,1,62.7,463905
1,4,111.0,821849
4,2,86.8,830689
4,4,76.2,900864
6,4,97.1,1008603
5,1,93.8,807211
6,5,57.6,964660
5,3,208.3,1393246
6,4,132.3,1197254
3,5,109.8,963711
4,3,103.6,884671
1,4,148.1,939723
5,3,183.0,1266333
5,5,127.4,1171427
1,2,104.8,648515
6,5,158.9,1465826
5,1,105.7,862193
3,3,117.4,855843
4,2,140.0,1045829
1,3,84.5,441696
4,3,30.0,549132
5,4,82.6,895999
5,1,130.9,1002186
1,3,128.1,858770
3,5,153.7,1229244
2,5,84.1,780917
1,4,163.2,926982
2,1,107.4,647602
6,1,124.2,1008566
2,5,136.1,1021011
3,2,44.7,514112
6,4,59.8,854703
2,4,58.5,540561
6,5,142.9,1269570
2,5,87.8,739750
3,2,181.1,1206043
2,2,100.1,652124
2,1,41.1,378159
2,4,73.1,717386
1,4,104.7,750872
1,5,120.6,808434
1,1,60.6,441983
3,4,122.7,980035
6,1,133.4,961123
5,1,74.4,796915
2,5,178.8,1238117
2,1,78.7,561046
3,2,60.0,661760
2,2,38.8,457263
1,3,148.8,946112
5,5,100.9,1105938
4,3,80.8,831580
2,2,41.0,335110
1,3,84.4,516361
4,5,195.3,1451202
5,5,30.0,796582
4,1,74.7,631042
1,4,171.7,987012
6,1,150.0,1157947
6,5,77.2,944684
4,2,108.1,858202
3,2,118.5,825573
4,1,105.4,792868
2,5,171.4,1255422
2,2,113.6,719456
6,5,145.4,1327063
3,2,107.3,727079
1,5,30.0,502018
2,3,52.3,516386
6,5,60.6,1001637
5,5,90.0,882273
6,1,183.1,1291208
2,3,114.5,811840
2,4,95.8,816534
6,1,149.5,1110840
1,4,41.9,498002
4,2,80.4,715483
2,4,74.5,679968
6,5,115.9,1237745
6,4,135.8,1184762
3,1,118.9,831896
4,1,119.5,884462
5,4,85.6,918316
1,1,112.8,594326
5,1,66.4,593787
4,4,127.0,1047331
4,3,80.0,773291
4,3,55.1,710084
5,2,101.5,933707
4,1,30.0,518505
6,4,159.0,1390723
5,1,131.9,1151254
4,5,113.5,1066337
6,1,35.1,584713
3,1,72.0,625275
4,3,101.6,967595
5,4,89.5,976386
2,1,32.5,229843
4,3,47.3,670810
2,2,88.7,607549
6,3,48.7,722911
3,3,154.9,1066184
1,3,119.8,682726
3,1,67.9,616533
4,1,146.8,1026991
2,2,138.7,859853
2,5,111.6,864508
5,5,98.4,1033669
2,5,88.1,735728
5,2,78.4,798958
6,5,46.5,737154
1,5,161.1,1049534
4,3,79.2,792018
5,1,101.1,897333
1,1,63.6,421145
2,3,89.6,742165
2,3,214.0,1280491
1,3,71.0,591146
2,1,157.9,1031818
6,5,98.9,1135995
6,3,127.2,1151590
1,2,149.8,903376
5,3,110.9,975596
5,4,85.9,930733
1,3,92.6,657553
5,1,93.9,826183
5,3,174.6,1288982
6,4,40.6,847846
5,2,30.0,500197
3,5,31.8,704943
4,3,64.2,743387
2,4,128.0,896001
3,4,130.5,1078458
5,2,75.7,795826
6,1,98.9,921366
1,3,55.3,458331
5,4,59.1,889145
6,2,123.2,1073908
4,5,141.9,1140662
5,4,80.9,964111
1,2,165.4,973450
6,1,138.6,1174139
6,1,163.7,1238190
6,4,88.0,1073144
4,4,160.8,1190760
5,3,187.2,1393607
4,2,83.5,792872
2,4,93.8,788772
2,3,62.1,491554
5,3,54.2,724632
4,4,54.7,723855
1,1,67.5,450515
6,2,111.0,1139489
6,2,69.2,874506
5,1,109.8,853448
2,4,110.6,813659
2,2,81.2,674870
6,4,97.5,1032514
5,4,78.9,955910
4,3,87.6,829927
2,1,67.6,486085
4,4,103.4,919685
2,5,76.0,579580
2,1,53.4,457095
3,2,123.7,814210
2,3,125.1,781994
1,2,144.5,832494
5,2,59.0,767085
5,1,80.8,678592
4,2,109.2,921658
2,4,79.9,654472
1,2,122.8,755210
4,3,119.9,998575
3,3,119.2,885940
4,5,158.4,1244233
4,3,125.8,976123
2,2,106.2,730877
3,3,92.3,787898
4,1,95.0,711510
1,3,57.4,410550
1,4,30.0,455417
5,1,118.6,943676
3,5,148.9,1173745
3,4,86.8,767059
5,2,163.5,1144455
4,2,92.9,747635
3,2,30.0,435962
1,4,136.7,896907
1,4,80.8,606536
2,4,140.4,1049821
3,1,48.9,447937
4,1,116.5,866607
5,2,68.0,711764
5,3,108.1,952596
4,2,130.7,963672
6,5,121.4,1174560
2,1,102.8,656956
5,4,44.9,773889
3,1,129.2,896130
2,4,141.3,921662
3,5,58.3,730652
1,5,64.2,605617
2,1,142.9,740831
5,4,91.7,906041
2,5,65.2,707126
2,2,110.9,671426
2,2,74.5,571394
6,4,106.4,992865
2,1,83.5,560475
3,5,86.9,748372
1,1,144.4,739642
4,2,30.0,493113
2,5,122.2,946006
5,1,137.8,1007553
2,3,75.1,566246
5,4,137.5,1107937
3,4,61.6,606670
5,3,73.6,841527
4,2,69.0,698587
1,5,138.1,974703
5,4,30.2,660902
5,3,165.6,1158509
1,3,87.8,599311
4,2,124.6,941236
2,2,121.1,726929
5,1,106.0,823729
1,4,76.0,634422
3,1,149.7,938658
1,3,79.4,633970
3,5,70.8,864480
4,5,135.1,1062847
2,2,105.8,695291
1,5,154.3,1020589
6,5,97.5,1126898
5,5,74.0,983636
4,3,111.0,965885
1,5,82.1,746350
5,5,75.1,941121
1,5,133.3,888314
3,1,173.3,1137177
1,3,90.1,633303
6,2,61.0,782454
1,1,93.9,488766
1,4,120.6,820637
6,3,110.3,1116570
4,3,147.8,1069938
1,4,126.6,833047
6,4,55.9,883844
5,4,80.3,934811
3,2,44.8,498458
3,5,145.8,1096361
1,3,30.0,329461
4,5,48.7,693670
4,5,79.5,849366
5,4,122.6,1061651
1,2,79.1,448993
3,1,85.4,693905
4,2,86.2,785783
1,5,106.9,808212
4,2,51.2,675535
6,4,62.1,935400
4,1,167.2,1043085
3,4,116.1,991101
2,1,130.4,825553
5,5,102.3,1004549
5,1,94.4,869888
3,1,118.3,768921
4,1,129.1,960827
1,2,133.8,755396
4,2,94.9,780552
3,5,138.2,1060454
5,1,30.0,486391
4,3,135.7,966593
5,5,82.9,848207
1,1,122.1,616875
5,1,74.0,864652
5,2,46.9,685108
2,5,113.6,994357
2,1,39.9,353814
6,1,84.0,824641
2,5,67.5,779589
5,3,93.0,937282
3,5,131.9,1005733
5,5,80.4,993473
3,3,112.6,929168
3,5,129.6,971688
2,1,75.7,553927
4,5,76.3,805218
1,3,154.8,976316
2,4,96.8,787244
2,5,120.4,963128
4,2,120.1,909408
1,1,52.1,265282
5,1,69.6,690970
6,2,115.0,1084054
6,2,30.0,754681
5,5,91.5,1026080
2,2,65.4,499931
1,4,144.4,946676
2,3,113.8,844295
3,2,147.6,981062
2,2,98.4,686518
2,4,95.4,780180
5,1,87.8,797290
5,1,79.9,774336
5,5,207.4,1624616
6,4,132.3,1113625
3,3,57.4,606163
5,3,205.6,1378457
1,4,83.8,706143
6,3,112.8,1070763
4,1,137.6,977112
1,3,38.5,464533
1,3,66.9,467030
5,4,165.9,1270293
4,4,91.0,955734
4,3,139.9,1003707
6,2,81.9,863686
4,4,96.2,832871
3,5,171.4,1299514
5,5,117.5,1099689
4,1,86.2,735485
6,3,72.7,930793
3,2,76.3,613300
2,1,149.7,768280
2,3,130.6,866816
3,4,54.1,641446
6,5,103.5,1132666
3,2,97.3,745223
5,5,112.6,1081958
5,4,75.9,864480
2,3,143.9,952490
4,4,99.9,888566
6,4,114.9,1132452
2,5,68.6,670607
4,2,70.6,712603
4,4,206.3,1463780
5,5,172.0,1431483
1,2,97.2,671921
1,3,161.3,929236
3,3,148.5,1015790
5,1,75.0,674014
4,5,71.0,832384
6,2,126.7,1075019
1,4,110.4,735953
4,3,83.9,776549
1,2,128.8,664935
1,5,42.3,443257
1,1,104.6,592927
6,3,50.4,801097
5,2,51.8,707074
6,2,71.7,829837
2,2,114.5,755974
4,5,73.0,920982
5,5,51.3,828095
5,5,119.1,1104301
5,4,159.7,1209147
5,2,125.6,1054867
6,3,172.1,1259156
5,5,156.4,1261731
3,5,80.5,843191
4,2,125.3,848461
5,5,96.3,1002788
4,4,142.5,1127636
3,4,96.3,824307
3,5,68.5,718900
4,2,154.9,1047540
1,2,112.7,718052
2,2,73.5,662133
1,1,80.1,487203
1,5,73.2,550000
6,2,59.9,818090
1,4,80.9,614228
5,3,114.9,962372
6,3,102.6,991517
6,2,82.5,853231
3,3,159.8,1008648
1,3,30.0,351846
3,1,112.2,856511
4,4,94.3,849343
2,4,61.2,705234
6,1,114.6,996007
4,1,91.2,735800
4,3,149.9,1088375
5,5,134.7,1165944
2,3,176.2,1097696
4,1,80.7,719101
4,4,155.9,1060122
2,3,53.4,657298
2,5,95.6,729536
4,3,81.4,770139
2,2,124.1,670525
4,3,123.1,970694
4,1,64.0,594815
5,4,126.3,1092889
1,4,84.8,666728
4,1,67.3,620785
3,2,99.5,784800
6,1,40.9,592301
1,3,137.3,841504
1,1,97.8,528404
1,1,98.7,545408
5,2,96.5,897827
4,3,165.9,1151217
5,5,160.8,1318139
4,5,154.0,1165424
5,4,96.6,1039468
5,1,55.4,685609
6,4,99.4,1072122
3,2,112.6,804459
5,5,132.5,1191051
6,1,112.4,1029714
2,2,58.9,538111
3,2,78.6,718167
5,1,75.0,720200
1,2,121.6,741199
2,1,122.5,800881
2,1,127.8,718726
6,3,112.0,1024734
2,4,30.0,488760
3,2,31.0,387598
5,2,94.4,783974
5,3,103.9,1026386
1,3,150.1,963104
6,3,103.1,975002
1,5,61.0,522729
2,5,126.5,926530
1,5,99.3,829535
3,1,83.9,617093
5,2,35.4,614106
2,4,103.4,821579
1,1,109.2,619879
6,2,60.2,865397
3,2,129.8,857989
3,3,126.2,922753
1,3,102.0,690425
5,1,100.5,849660
1,3,137.8,779331
2,2,114.7,682528
1,3,71.9,468920
3,5,92.1,910736
1,3,122.3,729212
5,2,30.0,608463
6,1,62.7,756662
4,4,127.3,1004041
1,3,148.4,840103
5,2,140.8,1090489
5,4,135.7,1164677
6,4,105.2,1117955
3,5,58.8,701922
5,4,92.1,922272
5,2,30.0,590493
5,2,152.0,1205114
5,3,67.3,709085
2,3,78.7,604045
2,3,142.3,960073
3,4,35.4,580191
1,4,52.4,536158
5,5,110.7,1076752
6,3,120.8,1033072
1,1,97.1,640668
6,5,98.4,1167156
1,1,150.7,797099
3,4,125.5,932454
5,5,120.0,1115682
5,5,131.0,1201070
4,2,88.0,763312
6,4,186.9,1460444
1,4,30.0,485506
1,5,158.3,1078609
2,4,136.1,893840
4,5,109.9,1028537
2,2,103.2,678387
2,5,93.8,826897
2,4,144.1,985453
6,4,98.4,1211209
6,5,70.9,1010443
3,5,136.1,1065647
3,5,163.4,1287408
2,3,30.0,435277
4,4,194.3,1278340
1,4,58.5,527166
6,3,61.6,877831
4,5,50.2,780146
5,2,100.0,950411
6,5,48.8,897336
6,5,53.7,915668
3,3,72.5,615937
1,4,105.5,821343
1,5,109.4,796993
5,4,149.6,1174438
5,1,148.7,1200662
6,4,141.0,1338434
2,2,89.5,620521
3,2,30.0,350966
3,5,30.0,559076
6,4,140.7,1332148
4,5,133.8,1140711
2,3,75.3,561521
6,2,42.4,749866
2,5,58.1,641019
2,3,107.0,739009
2,5,107.1,843138
6,4,141.7,1322975
3,4,82.0,806268
3,4,90.2,741770
2,4,145.0,1010917
4,1,30.0,470380
1,3,112.7,706121
6,3,86.6,941454
1,4,128.5,805044
4,1,120.5,839142
6,4,72.1,959150
2,1,79.7,534801
3,4,30.0,572284
1,2,130.0,715749
5,2,109.6,978534
5,5,155.9,1367454
4,4,84.0,857768
2,3,136.6,930611
1,5,57.2,605395
2,2,30.0,349895
1,4,96.2,731155
4,5,77.3,764575
4,4,58.0,607523
5,2,135.9,1045185
2,5,148.3,1089157
6,2,104.2,984723
5,1,92.7,854440
2,2,102.5,641200
5,4,73.9,926615
6,3,122.5,1202707
3,2,38.4,448092
3,3,57.1,655395
3,1,68.3,568713
3,5,121.7,1029536
1,5,87.9,796892
3,3,154.4,1071235
6,5,132.1,1302817
4,2,68.0,622650
4,3,125.3,1030705
1,4,83.7,727023
3,2,118.9,798997
3,2,134.1,897167
3,2,144.6,994954
5,4,108.1,1058753
2,1,164.0,860035
5,5,117.7,1137682
2,3,105.4,747675
3,1,87.9,607114
3,3,74.7,764200
5,5,116.8,1125852
5,4,104.0,1067288
2,2,110.4,678277
4,2,119.2,945981
2,4,110.3,889272
5,1,180.5,1200285
6,1,78.9,800107
5,3,117.3,962599
6,4,90.9,985612
1,1,30.0,232368
5,4,92.3,916379
1,5,62.5,563033
4,2,97.3,825876
2,2,98.9,699136
6,2,115.4,1093906
2,4,78.8,656479
1,4,83.8,648242
6,3,128.0,1125240
2,2,67.6,519951
5,3,30.0,619193
3,2,106.3,778456
1,3,142.8,875272
2,3,127.6,847534
1,5,107.0,862953
1,3,150.0,809896
6,4,143.3,1317460
6,3,86.8,942010
3,2,109.9,795112
5,3,111.6,1001802
1,1,96.5,589666
2,2,145.4,850149
4,1,93.9,719771
1,2,80.0,554977
1,4,30.0,320091
3,4,68.1,714596
5,4,47.4,723338
4,1,98.4,722317
6,5,49.9,812412
6,2,124.3,1118178
2,4,144.3,997460
4,2,98.8,790777
6,1,60.6,734648
2,5,111.5,836907
5,1,175.7,1164016
2,2,163.3,964929
6,5,43.8,870103
3,5,42.3,669830
3,1,32.0,313790
3,4,54.5,675102
6,2,110.1,929011
3,3,77.7,731371
4,3,66.5,718373
5,1,141.6,1091612
2,2,121.2,751693
2,2,31.8,422195
6,1,139.3,1038340
3,2,120.2,856380
3,4,121.1,853187
1,1,77.2,511467
5,4,92.5,1052628
4,2,30.0,480088
2,1,134.7,802189
1,2,60.0,462385
1,1,65.2,335774
6,2,64.6,773399
2,4,172.0,1073521
6,4,73.3,1069986
4,2,137.7,1051896
1,1,99.0,554827
1,3,66.8,559712
5,4,59.6,828690
4,4,74.8,846457
1,3,97.0,603921
4,2,124.1,1006981
2,1,81.2,516834
3,2,79.7,632687
1,5,64.8,640903
5,4,52.2,802360
2,5,48.9,611173
4,4,139.5,1149825
6,4,78.8,916756
2,5,82.4,852968
1,5,73.3,624976
4,2,87.3,768545
3,5,114.8,1069784
2,2,80.5,566889
1,2,107.2,703685
5,2,156.7,1144561
6,4,67.2,880368
4,4,82.4,831708
2,5,125.6,983704
2,4,159.9,1110226
3,5,50.3,697664
3,4,32.0,473958
5,1,100.0,881667
6,1,95.8,894195
5,5,128.0,1120906
1,4,121.9,835880
1,4,98.6,770578
5,2,142.0,1089194
6,3,72.8,943583
5,5,108.5,1111204
6,3,51.4,824937
6,3,98.3,997142
4,5,41.6,757931
6,4,55.4,914857
3,5,168.4,1257334
6,3,30.0,689310
6,4,91.3,1080256
6,1,133.1,1088214
1,5,188.9,1121227
3,5,107.1,922798
3,4,109.4,875639
5,1,101.6,757748
4,1,142.3,1020472
6,4,117.3,1302765
2,2,77.0,646901
4,5,144.6,1188935
4,5,81.5,871014
3,3,36.1,476016
4,4,36.2,650373
6,3,92.0,1032223
6,3,104.1,1004818
1,1,138.2,870226
6,5,125.6,1166147
6,3,103.2,1045598
3,1,140.5,895586
6,4,100.5,1072624
1,3,48.4,409269
2,5,39.7,572601
3,3,151.1,1017675
2,4,30.0,539394
3,3,92.0,854905
5,5,219.3,1567295
4,1,118.4,780413
5,5,91.7,1028344
6,1,32.6,630876
2,2,164.7,986387
6,5,148.6,1365136
4,5,127.4,1172339
3,4,100.0,901547
4,3,122.9,1009533
1,1,94.1,580943
4,1,61.1,617386
1,4,138.3,844868
4,4,98.0,993404
1,3,120.9,769079
2,3,95.2,670900
6,5,118.5,1146728
6,2,99.4,921501
5,3,96.3,871705
6,4,101.2,1108842
3,3,218.4,1334200
4,1,132.1,963233
5,2,203.4,1423964
3,5,99.7,954080
3,1,87.6,686070
1,1,57.0,391020
6,2,164.1,1249063
2,5,63.8,670884
2,4,172.4,1144939
5,5,59.4,819020
2,3,135.5,896904
4,1,36.4,456476
2,3,82.3,719097
5,4,100.9,1039827
2,3,76.1,739324
4,5,93.2,911636
1,3,93.4,607858
5,4,132.3,1148123
1,4,30.0,368727
1,4,77.5,645555
1,5,150.2,993286
3,4,122.5,936819
6,1,150.9,1203211
3,4,130.4,904102
6,3,56.7,852072
1,3,126.4,761404
5,3,104.0,1008872
6,5,190.7,1581063
4,3,132.1,910572
4,5,120.9,1063625
2,5,126.8,963405
6,4,118.8,1036500
5,1,117.7,940911
3,4,89.3,785664
1,4,121.4,756098
2,5,137.9,978199
4,5,142.4,1129693
3,3,137.6,950498
3,3,160.3,1090707
1,4,144.9,971182
6,2,125.1,1079241
4,2,54.3,679278
5,3,54.3,691913
3,2,90.1,722980
1,3,101.9,783746
5,5,155.9,1222112
6,4,30.0,673562
4,1,58.7,658021
6,4,92.2,1046066
3,3,60.1,600490
5,3,68.1,749856
5,4,80.0,908351
5,3,62.2,786430
3,2,69.1,627889
3,2,154.5,948409
6,3,124.6,1113729
2,3,130.6,849105
6,2,98.6,996180
4,3,140.4,1007976
1,3,133.9,826405
5,4,123.9,1239448
2,1,73.8,464813
1,2,82.3,503070
2,4,142.3,975770
6,1,79.3,679875
3,3,48.5,506724
5,3,78.6,869051
6,4,162.4,1341909
1,3,78.6,626428
1,5,113.1,817071
1,4,75.4,592868
1,1,130.5,672273
1,4,121.5,799481
2,2,40.4,361007
6,4,110.7,1110872
5,3,32.7,598571
3,3,77.8,649729
3,5,99.5,875969
6,5,173.9,1474993
6,5,112.7,1184337
3,1,69.3,605304
3,5,87.3,806740
2,1,137.0,805695
4,5,69.9,929456
5,1,143.9,1117331
1,4,79.1,562118
4,4,63.4,714822
6,3,80.4,1016492
3,1,35.3,441646
4,2,30.0,505463
5,3,96.7,920023
6,4,97.3,1069259
1,1,110.3,628162
1,5,96.5,727596
5,2,193.2,1311105
5,4,106.7,1001902
3,3,44.9,570673
1,1,55.2,331536
6,2,100.0,906667
4,1,82.6,775391
6,5,50.9,895394
2,3,97.6,814260
2,1,98.2,535425
5,4,163.8,1214751
3,3,63.4,668443
2,4,83.3,711372
1,1,163.7,798786
6,3,113.1,1135970
6,4,63.1,860553
5,5,71.4,981275
4,5,51.4,757929
5,1,103.1,810412
4,3,141.2,1032171
5,2,165.2,1262169
5,3,40.5,667581
5,5,134.8,1255058
4,4,106.6,1029598
4,2,89.5,778831
5,1,83.3,763719
2,2,30.0,354751
3,1,125.5,842444
3,2,47.2,597902
3,1,70.1,513972
4,1,116.7,866194
4,2,30.0,523793
2,2,47.2,362047
3,1,148.7,884985
3,5,104.9,897843
5,2,73.5,819005
4,3,105.0,949626
3,4,126.8,886736
6,1,145.0,1154418
2,1,55.5,465258
6,4,59.0,914448
6,5,124.3,1237139
2,4,125.6,952796
6,2,46.2,786661
3,4,60.5,600590
4,1,92.3,742689
2,4,100.9,781519
5,3,102.1,930710
6,2,45.6,702596
2,4,101.7,806868
1,1,71.3,376042
1,2,53.3,443593
4,1,99.6,759564
3,5,95.5,933393
4,3,132.1,993308
4,5,65.6,791320
4,3,109.4,875057
4,4,37.3,616920
5,2,89.0,810454
5,4,118.5,1105199
2,3,121.9,890999
1,3,122.2,789263
4,3,132.2,1020916
2,1,82.2,584102
1,2,119.8,707409
6,4,174.7,1407802
3,4,81.3,760584
5,5,155.2,1340265
6,3,135.1,1049468
1,3,89.3,515419
6,3,92.7,1038443
3,4,104.7,871486
1,5,132.8,963491
6,1,116.1,962070
5,2,81.0,898212
5,1,30.0,528174
2,4,126.9,933460
6,3,30.0,682642
4,2,45.4,539267
6,4,83.9,910507
1,4,51.4,540751
1,4,112.7,796925
6,2,88.2,921370
3,2,131.4,844410
5,5,35.7,831384
1,5,73.5,656152
5,1,100.2,885900
1,2,101.7,627541
2,2,127.8,760455
4,2,63.4,714995
1,5,81.3,708296
5,4,120.3,1082252
2,3,30.0,446683
1,5,115.4,880165
3,2,130.6,930521
4,5,46.7,654374
1,1,87.4,438785
2,2,159.7,995321
3,1,126.4,793963
6,2,117.9,998024
2,5,139.6,1036977
2,4,172.2,1060870
3,3,100.7,789379
2,1,83.7,609319
3,5,139.5,1012229
1,4,92.5,617845
3,5,62.9,662406
3,1,78.4,569729
4,3,112.5,940355
3,5,82.0,798133
3,2,85.0,767671
6,4,58.9,907848
1,5,157.4,1027425
4,4,86.3,931697
6,2,71.5,775387
5,3,75.8,884406
1,3,132.1,802641
1,2,122.9,700409
5,4,79.9,940219
3,5,101.3,895190
6,2,111.1,1028901
2,1,71.8,508269
4,4,38.4,668010
2,3,120.6,807352
5,2,74.1,829565
1,3,117.6,647053
1,4,112.8,809829
4,3,102.2,795480
1,2,83.0,505624
1,4,74.6,632010
4,1,54.5,474401
6,2,75.4,867669
6,5,122.8,1153819
4,2,155.9,1033155
5,4,150.0,1174444
1,2,105.8,579009
1,1,155.9,735032
5,1,87.7,898332
6,5,48.4,878488
3,3,176.8,1093886
3,4,121.3,927799
3,4,38.6,585599
6,3,162.4,1281694
6,1,70.3,722841
5,1,79.0,710379
1,2,140.9,863134
5,5,154.5,1224971
5,5,60.0,770018
6,5,158.8,1365380
3,2,135.0,820776
2,5,68.0,650556
1,3,90.2,563140
6,2,160.6,1180745
3,3,37.6,532575
2,2,155.2,951381
2,5,133.9,952058
6,3,120.4,1106926
4,3,105.3,860919
1,3,178.8,1044666
2,2,184.7,997343
6,4,75.4,967520
6,5,124.5,1242250
3,3,175.0,1264186
4,4,68.6,700969
1,5,109.7,946553
5,5,140.2,1268531
3,3,30.0,586365
2,3,133.1,934403
2,2,56.5,446905
3,4,107.7,927511
6,4,145.8,1242699
2,3,30.0,420592
4,5,131.4,1062720
1,3,181.5,1002964
4,5,78.7,928854
2,5,123.1,965702
5,3,153.4,1241563
1,1,36.3,213379
1,4,130.3,762804
3,5,141.0,1149363
3,5,125.5,1076335
5,1,103.5,876168
6,2,60.0,810886
1,1,155.7,863708
5,1,101.4,865286
3,5,63.8,774134
3,4,87.3,843496
1,1,114.7,631633
4,2,37.6,531706
2,3,100.7,762330
3,1,83.3,748192
6,1,153.4,1118100
6,2,30.0,633462
3,4,137.6,941155
4,1,156.7,1056817
4,1,30.0,438503
5,4,31.3,620890
6,2,171.4,1288282
5,1,63.8,761944
6,4,223.8,1609467
2,1,30.0,311974
2,3,106.8,843393
1,5,99.1,765538
5,3,91.7,852142
3,1,118.5,827783
5,2,120.8,1049946
3,5,93.3,869802
4,3,59.4,703973
5,4,141.9,1123037
4,2,125.1,899520
2,3,104.6,743973
2,4,123.9,901192
1,1,130.8,677422
5,4,69.5,844349
4,3,122.4,974731
3,3,77.9,660552
2,1,132.1,770925
2,4,92.3,813165
3,4,124.5,940308
4,1,82.6,656870
4,4,126.5,1153722
5,1,60.8,685101
5,2,101.4,867868
6,3,139.2,1228688
6,2,118.7,1066902
1,5,107.7,776055
2,5,172.1,1162193
5,5,140.9,1219682
4,1,134.2,983501
3,4,126.3,1012512
4,2,131.3,863738
2,2,166.3,1083423
6,2,83.3,880403
4,2,140.4,1097810
1,5,114.3,869970
2,2,84.7,633450
6,4,96.0,1047341
3,5,108.8,1087386
6,2,65.6,801628
1,1,134.6,691955
2,3,95.9,692421
3,3,103.4,825340
1,3,154.3,914262
6,5,105.2,1193555
1,2,162.1,937392
2,5,79.0,783507
5,4,56.1,791115
1,1,88.4,551627
1,1,30.0,294064
6,3,136.2,1179070
6,3,58.4,846958
3,3,75.3,737816
6,2,128.7,1109488
4,4,104.8,966770
2,4,82.4,781056
2,4,30.0,485950
5,4,152.0,1203758
5,3,128.9,1012870
2,1,182.2,1015687
5,3,76.1,826078
3,4,41.8,638614
6,3,139.8,1277940
2,4,92.5,704663
5,5,125.1,1118778
2,1,164.8,930376
4,5,115.5,1009870
1,2,106.7,639012
6,3,109.2,1034591
2,2,34.5,344906
1,3,144.3,910741
5,5,146.9,1264739
1,4,121.2,907021
6,4,39.4,815177
2,3,95.2,782619
4,4,157.5,1152494
5,5,77.4,911103
2,4,147.4,1114209
6,5,102.2,1099471
5,2,128.5,980793
3,5,83.5,777252
1,1,103.4,680976
6,1,117.5,984873
3,1,56.7,535187
2,3,111.0,796874
4,3,30.0,528829
5,3,75.9,826914
1,5,121.8,910183
5,3,144.8,1090354
2,2,118.9,808803
5,1,44.4,671444
1,5,141.3,970533
2,1,54.4,501623
5,3,124.6,991985
4,5,55.8,689447
6,4,69.1,942955
2,2,61.7,488539
6,3,105.6,1088950
2,3,92.2,689281
4,2,120.4,928963
6,2,99.3,970694
3,4,39.3,592426
1,3,111.0,692513
3,3,30.0,426767
5,1,64.6,679946
4,5,85.4,986997
3,5,82.7,801581
2,1,34.1,312748
5,5,154.8,1304691
5,2,165.9,1137785
3,5,190.0,1365313
3,5,145.9,1062490
4,1,84.2,694354
1,4,83.5,772663
3,5,81.3,768650
3,5,179.4,1341033
6,4,95.4,1055264
2,1,150.8,881577
6,4,147.7,1243990
6,1,107.6,994056
5,2,41.9,620408
1,1,96.2,495705
2,2,105.9,789236
4,2,151.1,1040733
4,1,100.8,690533
3,3,51.7,579015
3,1,139.5,928227
4,5,90.9,971460
3,5,30.0,562956
1,3,113.0,679623
6,2,120.0,991829
3,3,66.3,657132
5,5,92.3,1022981
3,3,126.3,963837
2,1,113.3,692269
1,3,37.5,379788
2,2,150.1,901714
2,1,168.3,954774
5,4,79.6,901483
1,5,30.0,501954
1,5,130.8,924342
1,3,73.1,554243
1,1,121.4,664294
1,4,188.1,1069299
5,1,38.1,571632
3,5,68.1,734281
2,1,92.2,622321
1,4,151.7,942059
3,3,242.2,1533226
3,2,109.9,741377
2,1,34.7,191173
5,2,86.2,851189
4,5,69.0,808362
4,3,128.9,1017938
3,3,115.1,816057
6,1,58.3,827921
6,3,66.7,850647
2,1,85.6,539792
4,1,90.4,831440
3,2,98.3,794423
5,3,102.0,1028272
4,1,149.4,993664
3,2,84.2,691027
3,4,78.3,732321
1,2,46.4,343347
5,2,91.0,879617
1,1,110.2,597692
2,5,31.0,640703
1,5,86.3,750489
1,5,146.4,1073016
4,2,125.9,835261
6,1,114.9,1081989
3,3,124.8,802570
5,2,77.1,733687
1,2,71.7,405122
5,1,150.9,1091096
6,4,133.1,1218245
6,2,70.1,875416
1,4,30.0,400576
2,4,71.0,720662
1,5,121.7,821201
4,1,73.7,723921
3,4,113.2,917875
2,1,156.8,1013351
1,5,96.3,796850
5,1,109.4,876929
2,2,127.4,811579
2,4,56.7,544769
1,1,69.1,448819
2,3,129.0,855499
5,1,101.5,892862
6,4,104.9,1025016
2,5,101.3,829507
6,5,139.1,1238116
5,4,117.4,1023561
1,2,118.0,731090
3,2,148.9,1036220
2,5,164.3,1012556
3,5,189.7,1406940
5,4,76.8,965981
2,2,198.8,1067159
6,5,56.1,963923
4,2,177.4,1155335
3,5,74.6,790982
2,1,97.2,657693
3,3,100.7,837343
2,1,65.3,455295
1,5,103.5,756747
6,3,67.4,847327
3,3,50.6,644851
4,5,98.5,879938
4,5,163.6,1258082
5,2,89.8,932903
2,5,137.6,1044568
3,4,66.2,760328
5,5,48.7,811571
3,4,118.2,883516
2,5,170.2,1158794
4,2,108.4,833165
1,4,133.1,980330
4,1,159.8,1041213
5,4,98.5,1025297
6,2,93.9,1027748
1,4,118.9,750138
5,5,126.0,1053016
2,5,44.0,612685
1,2,111.8,707146
5,3,100.0,929172
2,5,68.4,640073
4,1,97.2,782925
6,2,53.4,759054
2,4,39.6,534143
3,4,102.7,815384
2,1,136.1,818613
2,5,86.1,818464
6,2,61.6,721774
3,1,67.8,638067
5,5,122.0,1161534
5,2,166.7,1242676
2,4,130.8,864735
3,2,152.0,1028271
3,3,58.1,539195
6,2,97.0,909280
4,3,140.7,1076532
5,2,44.0,634350
6,3,73.7,902867
1,4,137.7,985932
5,5,110.3,1097107
6,3,61.4,881765
5,3,34.8,653113
4,4,153.5,1165897
1,3,30.0,306086
4,1,125.3,912237
1,4,78.7,750825
2,1,141.9,832865
6,4,58.3,869062
1,3,204.6,1197670
4,1,116.1,903553
5,3,122.7,1074025
1,4,69.1,565433
6,3,94.7,1053212
1,1,95.7,556705
3,1,171.8,1078980
5,3,116.0,981138
6,2,121.8,1038553
6,4,121.3,1170720
2,4,125.1,841389
4,3,44.4,611403
2,2,182.0,994891
6,1,64.9,684814
5,5,98.5,1164886
1,5,161.3,1015218
1,3,177.4,992180
5,2,132.2,1049082
6,2,79.8,826068
1,4,105.1,717908
1,1,106.7,691774
1,2,108.1,674335
4,5,50.8,807894
4,1,150.4,1085499
3,1,105.4,744758
2,3,71.1,598938
5,2,80.1,738596
5,3,110.8,979428
5,2,43.9,639351
3,4,135.1,977754
4,3,109.4,999512
6,3,162.6,1356938
6,5,103.1,1183242
3,3,56.6,608841
6,2,52.1,702743
5,5,84.4,1046073
2,3,88.6,705485
1,3,77.3,606547
4,4,105.1,984088
4,3,76.3,788855
3,1,110.2,855737
4,5,79.2,853413
5,1,125.3,948260
6,5,87.6,1146240
5,4,149.8,1228420
3,3,126.1,921116
5,3,107.7,972195
6,3,91.7,1016583
2,5,39.2,555114
3,3,156.5,1047361
2,1,72.8,550600
1,3,103.6,690994
2,4,113.8,801412
1,1,92.7,538568
1,3,154.2,983554
2,3,51.1,558418
3,2,169.4,1148007
6,5,126.9,1204315
5,1,90.1,859155
5,2,90.6,825232
6,4,30.0,693380
1,5,66.1,577164
1,1,85.8,512867
3,3,107.0,893096
4,1,150.4,1022245
2,3,181.5,1099094
1,5,110.9,767397
5,3,108.2,1022276
3,4,80.4,819917
2,3,31.4,446196
3,4,75.8,698342
2,5,91.8,843445
2,5,139.0,1076933
6,1,120.8,1090163
1,4,108.9,737993
3,4,76.8,777271
3,2,30.0,418273
6,2,30.0,608881
5,2,33.5,679687
5,3,88.3,925667
1,2,139.8,863565
1,4,138.7,832830
4,3,131.7,1037289
6,5,79.4,1052697
5,1,145.8,1014358
2,2,62.8,596799
3,5,134.1,1051334
1,4,33.0,441258
3,1,52.9,470606
3,5,166.1,1147750
4,1,91.8,788962
5,2,72.8,796378
1,4,144.1,930359
3,1,148.7,915218
1,5,82.7,709600
2,2,111.1,803435
4,2,105.5,820452
2,5,30.0,553013
1,5,44.2,528869
1,1,137.7,730385
5,3,66.7,717853
3,2,121.2,854771
3,1,110.5,790981
2,5,148.6,1074976
4,1,45.4,462583
6,5,115.8,1253309
3,4,97.4,930621
5,5,68.4,902365
2,5,68.1,812130
2,5,109.1,839469
6,3,125.2,1069735
5,5,102.5,1010706
4,2,103.8,859305
5,2,80.1,721353
4,1,82.7,686660
5,3,68.3,954082
5,1,79.3,681460
1,2,123.8,699686
2,2,128.3,765349
5,4,49.0,756101
6,5,64.1,941233
5,2,71.6,738650
3,1,97.4,690658
2,1,32.7,368692
3,5,64.8,821064
2,5,44.6,576374
3,4,116.0,932376
5,3,98.8,967821
5,1,81.5,704952
1,5,57.5,570977
6,1,82.1,814246
3,5,77.4,855952
4,2,165.4,1211831
1,1,139.9,710610
3,2,72.4,699672
3,1,106.6,666816
1,3,137.8,849991
5,4,72.4,888617
3,2,43.3,430724
5,5,30.0,693578
1,3,150.9,852722
5,1,92.4,750038
2,2,111.7,609127
4,1,77.0,666274
3,1,49.3,477439
6,1,56.7,720634
4,4,46.4,726899
5,4,134.0,1056107
3,5,159.7,1159608
5,2,101.5,1034702
2,3,39.3,511133
1,3,119.9,804008
3,3,150.6,986867
2,1,138.9,805104
2,4,98.8,669763
3,2,90.6,747067
5,1,98.5,913325
6,4,149.0,1218054
2,4,130.4,868921
4,2,84.6,758962
2,2,83.6,623699
6,2,80.7,856208
5,1,57.4,617597
5,5,154.1,1253098
4,2,68.5,685740
2,5,119.6,957556
5,1,73.5,728477
6,5,80.9,1026856
3,3,95.4,701538
1,5,121.8,911496
1,2,89.6,570770
1,1,54.4,343111
2,2,100.8,706191
4,3,69.3,699808
5,2,161.8,1157097
3,2,89.6,718589
6,2,73.3,815837
3,4,179.0,1133180
6,3,129.6,1062576
2,2,64.1,550867
1,2,68.4,476080
2,2,119.0,772029
4,1,101.7,729735
4,4,135.6,1089204
6,1,73.5,780695
5,4,128.0,1096196
5,2,30.0,581247
6,3,93.8,1007022
4,5,75.3,956402
4,5,81.8,926356
4,2,95.9,854360
2,1,145.5,900163
4,3,53.8,634071
3,4,30.0,528955
1,2,58.5,387904
4,3,140.9,1029947
6,3,34.2,702489
1,4,77.1,581766
2,3,133.6,902329
6,1,97.7,931125
1,1,145.1,707860
6,1,30.0,589395
2,3,87.1,667053
3,1,153.5,877071
2,4,54.9,548854
2,3,141.4,969938
6,5,90.6,1120604
5,3,117.4,946683
4,4,150.6,1181244
4,5,117.2,983856
3,3,76.4,683500
3,1,122.5,806305
4,2,73.5,748514
5,2,110.9,940476
4,1,49.9,503975
5,2,101.2,846039
3,2,147.6,982472
1,1,88.0,484531
6,1,143.7,1096429
3,3,223.7,1415340
3,3,98.8,826534
2,1,124.6,829899
2,4,119.1,824925
2,2,109.0,695059
6,3,131.5,1171005
2,2,90.1,736282
5,5,73.5,890998
4,1,38.9,507182
1,4,86.3,724364
3,5,136.1,1074754
5,5,62.4,931836
1,5,109.9,912276
5,1,95.1,842596
5,3,75.2,861194
3,1,30.0,432147
4,3,154.5,1080095
2,5,120.7,859015
6,5,206.6,1607674
4,4,143.2,1093037
6,3,153.6,1313935
3,5,30.0,610831
3,2,30.0,496790
3,4,101.7,807533
1,1,54.1,413416
6,4,72.7,832430
4,2,201.1,1228747
4,3,147.6,1125789
5,1,62.6,656453
5,1,30.0,514684
5,3,59.2,771772
3,4,77.7,830802
4,5,87.1,826084
6,4,48.8,902206
3,2,145.2,1028746
1,5,71.5,616718
5,4,125.9,1081999
3,3,102.2,813801
3,2,137.5,893117
1,2,90.5,594413
2,2,63.0,547253
4,5,76.1,794558
6,1,76.6,768774
2,5,182.6,1152362
5,4,103.1,1024505
3,1,100.2,754450
1,4,135.3,825093
1,1,100.0,613251
4,5,144.9,1135661
2,2,85.1,658957
4,3,81.1,780558
3,2,60.8,561465
4,5,174.0,1370131
6,1,97.2,996816
1,2,53.0,311584
1,5,107.9,835400
5,4,74.0,891857
5,3,84.4,912765
3,2,112.4,744009
6,1,160.8,1139561
2,4,104.1,774713
4,5,71.6,862666
3,3,79.8,682482
5,1,126.3,952009
4,5,30.0,706526
5,5,58.3,964757
4,2,108.5,906236
2,2,31.7,425769
3,1,87.5,644654
4,5,80.9,849382
6,2,135.1,1111642
1,3,90.0,622054
6,3,147.5,1175597
6,5,103.2,1174953
1,2,171.1,1015733
6,1,44.5,676373
4,1,164.7,1125286
4,1,83.6,766418
4,3,159.0,1093578
1,2,147.4,746451
6,2,30.0,630049
1,3,119.2,761044
4,1,139.9,899764
6,1,153.1,1230257
6,5,52.9,1005645
5,4,123.6,1115221
5,2,107.8,886023
2,2,117.3,791968
3,2,140.0,890561
5,4,146.3,1265362
1,5,73.8,640394
5,4,110.6,1084138
2,1,101.6,692499
6,1,90.4,903814
2,2,94.2,753384
6,3,107.8,1064191
6,2,75.9,836483
3,3,135.3,863837
5,4,150.8,1114277
1,1,67.2,454898
1,3,152.7,898107
4,4,67.3,741865
6,1,135.9,1025906
1,3,152.7,944013
3,2,96.2,693811
6,2,67.6,905643
3,2,76.5,771586
1,4,114.5,740132
1,2,178.6,1007129
4,5,32.3,697309
1,1,104.0,538661
6,4,96.5,1005047
6,2,81.7,881696
6,1,96.8,848539
4,3,78.3,836967
4,2,149.7,1041462
1,1,153.7,755617
2,5,103.5,851414
2,3,94.4,737915
4,5,80.3,855031
1,1,103.6,486596
2,5,173.9,1178927
1,1,95.9,490477
1,1,66.4,379214
1,5,84.1,721858
5,1,130.1,956229
6,2,71.3,833751
1,1,98.7,636585
5,4,118.9,1067517
4,1,74.3,765530
2,4,30.0,511995
6,1,57.1,680581
2,1,65.6,461604
6,5,90.8,1015678
2,2,101.8,729846
6,2,132.9,1184491
2,3,50.9,501174
2,5,127.1,869021
2,5,85.2,791257
2,2,30.0,331900
4,5,100.5,946909
1,2,152.7,872504
3,5,135.3,1130559
5,1,96.9,873246
3,2,145.0,984113
3,2,107.7,786737
6,4,139.2,1180592
1,5,33.5,488308
6,5,50.0,930945
1,2,129.2,721472
1,1,161.6,828752
2,1,116.7,770615
4,1,80.1,670855
2,5,66.0,673379
4,4,87.4,868823
6,2,148.5,1221732
4,3,86.3,833011
6,4,141.9,1269560
3,3,126.1,1003356
3,4,168.6,1148030
4,1,108.0,768520
4,5,98.0,1022177
6,3,143.9,1229127
2,4,62.6,592190
6,5,82.2,1022083
2,3,32.8,373902
3,2,49.8,545805
1,4,176.9,993135
4,2,127.7,988718
2,1,45.2,367153
6,2,147.8,1115367
3,2,71.9,688196
2,4,125.6,1018190
6,1,125.0,1054548
4,2,166.6,1115427
4,5,78.5,835205
5,3,70.4,829850
1,2,30.0,336836
5,1,95.1,828425
3,2,129.0,935331
2,3,134.5,970849
3,1,150.1,872447
6,4,111.6,1136867
4,1,120.2,775694
5,4,102.7,971559
5,1,128.3,1013335
5,3,62.6,779496
3,3,43.7,475931
4,1,66.9,683322
2,2,108.5,701290
6,3,48.0,828467
2,4,74.7,701650
3,4,75.9,710110
6,5,131.3,1304173
5,4,126.4,1134748
1,5,102.8,791439
3,1,118.0,767784
3,1,118.8,739606
4,1,85.5,693614
2,2,78.3,570327
3,2,161.5,1079184
3,5,30.0,512550
5,4,70.3,940101
5,4,91.8,1039598
6,1,122.4,988741
1,3,145.4,944469
4,2,174.3,1113932
1,2,96.3,659848
6,1,99.0,874564
5,2,114.5,1016941
2,1,78.8,472528
5,5,52.6,890979
4,4,96.1,977103
5,3,129.8,1010688
4,4,90.3,974136
4,4,116.5,1055343
4,5,30.0,565100
6,2,100.7,948814
4,3,83.9,859259
4,2,49.0,636633
2,4,126.3,913887
1,1,173.8,948614
3,4,139.6,994491
1,2,142.1,812042
4,4,128.5,1015966
2,1,125.9,763101
5,5,30.0,785051
2,2,94.9,706046
4,4,120.3,1032705
2,2,121.3,835137
2,5,150.9,1123316
4,4,58.7,834034
6,4,124.3,1237682
2,2,57.4,531113
3,2,91.5,768598
3,1,97.5,711024
2,5,134.5,981265
6,1,129.8,1097472
5,4,104.8,1059515
4,2,30.0,529597
3,4,117.8,930340
5,4,89.3,939315
2,3,155.7,970089
5,3,146.1,1220414
1,4,62.5,610077
3,2,123.3,921566
2,4,124.1,845750
4,3,121.2,957288
6,2,116.0,1029055
2,4,125.2,873120
4,5,160.1,1343397
6,5,77.9,1040774
6,4,63.8,923384
2,2,131.3,807592
5,4,30.0,728104
5,4,126.2,1227301
6,3,119.1,1109896
5,5,30.0,723324
1,3,74.5,550930
6,3,163.0,1287572
6,4,41.7,807564
4,3,108.5,887692
5,5,59.8,824789
6,3,71.6,891327
1,5,176.7,1118992
4,3,104.9,888564
2,5,120.7,1005900
6,3,95.5,1020530
1,3,39.4,434398
3,2,52.6,585164
1,5,147.1,987349
1,5,106.1,808453
4,5,69.2,798339
2,1,99.1,668829
3,3,126.5,912421
5,5,118.2,1099820
5,1,69.2,776536
1,2,37.0,269833
4,5,83.7,992685
4,5,144.4,1261625
5,1,134.2,992675
3,3,116.4,973132
2,2,93.2,614824
3,5,79.3,866690
6,3,93.9,993420
6,2,131.3,1020399
2,4,140.4,940283
5,4,89.5,944153
2,2,201.4,1185471
4,1,103.7,772778
6,2,86.1,893890
1,2,159.0,912669
1,1,30.0,279404
5,1,119.2,931819
4,3,97.1,851754
3,3,157.9,1117638
4,1,124.2,873462
1,4,105.6,685569
1,4,126.5,819554
6,2,57.8,807336
4,5,138.7,1146563
4,2,46.2,562836
1,2,114.3,621789
3,5,101.4,909213
5,1,30.0,546395
5,4,102.8,962040
4,2,111.3,871293
5,5,73.8,877427
1,3,59.5,481325
1,2,119.7,794866
4,4,114.5,1003802
4,1,109.1,741748
6,2,100.4,988148
4,2,77.3,793609
3,5,190.9,1249789
5,3,88.1,844025
4,3,65.4,737197
2,1,102.2,645441
6,4,92.8,1097989
2,1,87.1,573095
1,2,175.0,998642
5,2,54.8,773050
4,3,101.5,843359
2,4,57.5,636102
5,5,78.4,932572
1,4,169.4,921739
3,2,111.3,834478
6,5,110.8,1198458
5,4,62.4,753431
5,4,83.0,900871
3,5,172.9,1207011
5,2,120.0,1030384
1,4,86.4,581391
1,5,117.6,854647
3,2,110.7,691194
6,5,66.4,987876
4,5,85.2,919870
2,4,190.2,1170268
4,2,115.7,971975
5,4,37.2,586414
2,1,120.4,730930
3,1,152.1,1004435
3,2,63.8,603652
6,5,81.7,1106071
2,4,158.2,1029150
1,4,101.4,717926
2,2,94.3,725944
5,2,46.6,704237
1,1,142.8,882664
3,3,92.5,781216
2,2,30.0,385012
4,3,37.1,573855
6,2,77.5,858712
4,5,57.1,840791
6,5,63.4,955113
5,1,193.8,1231676
4,1,128.3,888551
2,3,30.0,420483
2,2,87.4,596296
4,4,96.4,890993
2,1,40.9,324162
5,4,121.4,1075059
1,4,30.0,463310
5,2,143.9,1099869
6,3,157.7,1402541
5,2,194.1,1285272
6,1,37.0,660895
2,4,45.2,554348
1,2,127.7,777202
2,2,147.3,872578
3,2,132.4,887188
2,1,143.2,854711
6,3,155.1,1242595
2,2,108.1,637731
2,1,91.5,667263
1,4,45.3,518132
2,5,88.1,765484
1,1,94.2,554835
4,5,62.0,859398
3,2,98.5,820330
1,2,57.5,433984
6,1,144.5,1091131
4,5,117.0,1129861
1,2,81.6,542007
1,4,107.6,746631
3,3,55.8,624244
6,3,59.9,897071
5,2,74.6,783966
5,5,92.3,1064752
1,2,105.6,634989
2,5,105.8,896580
6,4,47.2,785215
4,5,96.8,1018949
2,2,67.3,508947
2,4,30.0,497964
6,1,223.0,1399276
1,3,68.1,527483
1,2,70.3,495638
1,2,46.1,343575
1,2,57.7,424162
5,4,92.5,979144
1,1,154.1,841489
5,5,92.2,1020024
5,1,87.1,858380
1,4,148.0,993962
3,2,79.0,664077
4,3,100.8,817290
2,2,63.1,499763
5,5,167.4,1241867
6,3,141.9,1199575
6,2,93.9,1012549
4,3,84.0,847650
6,1,98.7,918444
3,4,94.5,798717
6,2,38.1,697687
2,5,143.3,1141441
2,1,90.9,673500
5,2,175.9,1234186
1,1,116.9,571829
3,5,30.0,705404
5,2,48.7,632865
3,5,30.0,621503
1,3,48.2,359135
6,5,34.7,809797
6,3,110.1,987322
1,2,87.4,505010
5,3,129.6,1037061
1,2,98.5,636992
4,2,90.4,781939
2,4,180.1,1286190
5,2,108.9,996797
3,3,96.8,853282
4,4,65.9,801564
5,4,53.0,802138
1,2,130.8,818143
1,5,128.4,778864
1,5,162.9,1021773
1,4,119.2,738179
3,2,84.3,595027
4,5,120.4,1033547
6,2,96.8,898156
2,2,134.6,905479
3,4,153.4,1104761
3,4,93.3,729161
6,1,170.3,1252017
6,5,147.5,1283292
2,5,100.7,846297
2,5,126.8,980419
6,3,112.2,1037465
1,2,100.9,634826
3,4,176.5,1224469
5,5,120.7,1134955
2,1,66.4,452644
2,5,58.9,655122
6,2,60.5,785348
4,2,119.6,933936
5,4,86.3,925338
5,3,113.3,950391
2,4,137.5,950100
1,5,181.1,1151502
4,1,87.3,731931
5,4,43.7,740914
2,3,171.7,1038301
5,4,41.7,710804
4,2,40.1,538915
4,5,170.7,1351769
3,5,142.6,1054529
6,5,119.4,1211820
6,5,98.0,1048114
2,5,90.4,835179
4,5,74.0,836044
3,1,88.7,617771
3,3,98.1,812237
5,5,45.0,679561
5,3,67.2,737385
3,5,30.0,613045
5,4,103.1,1064757
4,5,103.1,1016605
1,2,171.1,947104
4,1,115.0,968119
3,4,77.8,784482
3,4,92.0,771710
4,2,119.5,968861
5,5,109.1,1058918
5,1,123.1,918679
6,4,115.1,1068821
3,1,89.9,643953
2,4,78.6,632082
6,5,76.4,1041750
5,4,63.0,827180
4,4,56.7,667170
5,3,173.5,1276871
4,5,105.0,1052139
6,2,93.8,1023158
3,2,80.2,581260
5,5,117.2,1088280
4,2,148.1,982191
3,5,128.9,1057865
2,2,136.9,785440
4,3,76.5,827386
6,2,99.8,1029441
2,4,77.1,727697
2,5,104.3,823401
1,1,150.9,766350
5,1,117.6,906260
4,5,165.1,1328062
2,3,88.5,603164
1,2,67.7,494053
6,3,120.5,1065510
3,1,104.8,710423
4,5,112.9,1074893
2,5,106.9,795407
5,3,80.6,848914
1,3,107.8,698790
2,2,138.9,863337
5,4,143.0,1188540
2,4,80.4,729719
4,2,109.2,848981
4,4,159.1,1214148
4,1,81.3,712271
6,4,74.0,967403
6,2,131.8,1139384
1,4,124.8,845516
4,5,66.5,824860
5,3,44.0,634649
2,1,108.5,745939
3,5,83.3,919383
5,5,32.6,728895
6,2,72.5,869123
6,3,124.1,1101089
5,3,93.9,886735
6,1,162.6,1204664
4,2,30.0,655372
1,1,153.5,890605
2,4,86.2,800374
1,5,80.5,708022
2,1,38.0,314908
2,5,118.6,975555
1,2,30.0,162889
5,4,132.7,1166766
2,2,39.5,472488
1,4,45.8,483547
2,4,52.4,658549
3,5,71.4,709834
5,2,137.7,1149608
4,2,160.2,1092826
2,1,75.5,602272
3,2,98.1,802628
4,1,119.6,943888
4,3,86.8,869497
2,3,118.0,855733
1,3,99.8,737573
2,2,89.9,647151
3,2,43.2,534550
4,1,106.0,806646
2,4,138.3,928215
1,1,68.9,456257
2,3,30.0,434837
5,1,87.2,855329
1,4,160.4,982145
3,2,148.5,940116
4,1,76.8,737667
2,3,118.2,825159
1,3,124.5,740876
5,2,159.6,1237713
1,1,38.0,337233
6,4,57.2,970052
5,2,30.0,567954
3,1,72.9,563845
4,5,142.7,1117606
3,3,77.6,680905
2,4,47.7,535207
1,4,109.1,794944
6,4,110.1,1068957
5,3,59.3,733764
5,1,79.8,843744
1,2,106.0,500557
6,1,129.8,1078290
1,2,74.0,438682
2,4,68.3,607001
3,1,176.5,1125427
5,4,89.0,954254
2,5,110.0,1017751
3,4,125.9,1008046
2,4,30.0,433516
6,2,99.3,994552
5,5,34.2,810269
1,4,94.8,722556
1,4,154.9,956394
3,5,60.1,645722
4,5,33.3,663922
6,1,175.5,1343164
3,2,54.1,513693
4,5,40.1,689664
2,5,164.8,1181090
6,3,52.5,837420
2,5,165.8,1070589
5,2,111.0,943905
6,4,151.4,1371460
4,4,107.4,964815
5,4,143.2,1265907
1,4,63.3,629068
4,3,75.5,723168
3,5,30.0,580247
1,4,138.9,927800
1,1,116.8,568638
3,4,59.7,667529
6,5,30.0,832506
1,4,111.3,739613
4,3,167.0,1211077
5,2,94.5,845158
1,2,73.7,470917
4,5,62.5,848535
2,2,150.0,983285
4,2,68.8,654198
5,1,85.2,722619
4,5,141.7,1165649
3,5,125.5,1048091
5,2,86.7,804039
6,2,72.0,927218
2,2,158.6,946462
3,3,55.3,572585
6,4,91.6,1128733
4,3,39.8,672269
5,5,147.6,1227624
2,1,81.0,607877
3,4,72.0,701275
6,1,126.5,1077478
6,5,43.0,952273
2,5,125.4,893926
4,1,85.6,688213
2,1,51.8,397254
6,1,60.4,755033
1,5,72.6,670510
3,2,82.2,675617
2,1,52.1,340173
6,4,111.8,1061462
4,5,51.0,715372
6,3,30.0,732994
4,3,176.8,1155776
2,4,107.9,779942
4,2,180.4,1135026
5,1,58.3,679206
5,5,119.2,1192950
5,1,135.8,1018737
1,5,92.4,835592
2,3,42.2,487696
6,1,89.4,867686
6,4,125.1,1143542
1,2,123.5,736029
4,4,99.9,888368
1,2,135.9,732562
4,1,134.0,882637
4,1,79.1,674528
3,2,39.2,461319
6,3,107.6,1187014
5,5,70.1,926074
4,4,105.7,965520
3,4,153.8,1074597
6,4,117.5,1302022
5,1,151.9,1037128
4,4,59.5,724248
4,5,143.5,1225702
1,5,167.1,1081905
1,2,102.6,567926
6,1,192.9,1339334
5,5,65.7,929646
4,3,74.4,790610
6,1,126.0,1070047
6,1,102.2,1039088
2,5,70.3,719853
1,3,124.8,821220
5,2,114.2,842788
4,5,76.5,967748
6,3,107.6,1057279
4,1,130.4,873224
2,3,75.7,620716
5,1,120.7,976185
6,5,65.3,1015669
4,5,73.0,853949
1,4,144.5,950157
2,4,124.5,887313
5,4,30.0,709581
2,5,85.0,782953
1,2,119.6,723186
5,5,105.6,1059447
2,3,124.7,871459
3,5,104.6,889549
1,5,94.7,755863
1,1,93.5,508907
1,1,143.6,716729
3,1,127.8,799810
3,5,116.2,972452
4,2,103.6,819566
6,3,78.0,941026
2,3,87.7,688768
4,2,142.6,1072368
2,2,138.8,860467
6,3,74.1,912291
3,4,104.0,971281
6,1,119.9,987782
3,1,117.3,773715
6,3,117.0,1156761
4,2,55.5,581985
5,4,53.1,854901
4,3,146.8,1078790
2,1,160.4,869959
4,5,40.7,758587
1,2,98.9,602446
2,5,132.6,1077743
6,3,30.0,709057
2,1,57.1,450493
5,4,96.3,954099
3,5,76.1,795158
6,4,108.4,1094013
2,1,158.8,971255
6,5,65.9,980976
6,4,102.0,1114326
6,4,86.2,1012861
3,5,105.5,913998
4,1,100.2,799593
6,4,205.5,1624233
1,3,159.6,885704
5,5,36.8,786405
3,2,64.0,672804
2,2,68.9,509247
3,1,50.6,533930
2,3,45.3,539853
3,4,92.9,763180
2,2,70.4,612378
6,1,64.4,729951
4,3,180.8,1261627
2,3,73.2,670449
2,1,82.3,620233
1,1,129.7,626669
2,4,82.1,799055
1,1,53.4,431075
5,4,89.7,1006167
6,4,180.3,1449645
1,5,80.7,661555
4,3,63.5,661722
6,3,116.8,1014449
1,3,87.8,647162
6,5,209.6,1665590
6,4,68.5,924127
6,4,169.3,1359022
5,1,146.5,1062905
4,5,84.7,879338
3,1,99.9,710447
3,5,58.8,689733
1,1,78.5,503682
6,2,84.5,962273
1,3,106.3,723838
5,3,43.5,691694
5,4,112.5,1105523
2,2,94.2,664688
5,3,115.9,1069526
2,4,121.9,856707
4,2,91.0,763994
1,3,119.5,708434
4,1,96.5,741034
5,5,129.7,1232894
4,2,112.6,843315
4,4,107.2,847359
4,2,95.9,790833
5,4,151.8,1174560
6,2,116.2,1017712
4,4,47.1,797480
2,3,81.1,610600
5,1,90.9,840531
4,3,100.0,875787
6,1,107.1,970431
5,3,62.2,754577
3,3,97.3,855827
6,2,87.4,934800
2,5,143.4,1057985
4,4,60.2,755830
3,4,99.3,919669
3,4,72.6,764638
5,1,174.5,1203884
3,4,150.3,1118822
2,4,34.3,406376
2,2,68.2,556069
1,3,134.8,823565
2,4,118.3,930740
6,5,117.0,1161616
3,4,107.6,904408
2,1,138.0,907408
5,1,131.2,989290
1,1,88.4,451186
3,4,52.0,752830
1,2,32.4,280010
3,5,95.9,839356
5,4,30.0,634981
1,2,110.0,701562
4,2,87.7,839443
6,4,177.8,1507924
6,4,113.7,1132529
3,2,98.8,705395
4,2,35.4,510592
1,2,49.5,394461
4,4,127.3,1051584
4,2,87.5,839057
1,1,201.4,960486
5,4,96.7,929276
4,1,106.8,794915
4,3,47.3,661418
5,4,137.9,1148404
4,3,63.0,687166
4,2,121.0,983081
4,2,132.5,999720
6,5,103.8,1087898
2,2,170.3,980769
5,3,75.6,865914
4,2,167.0,1068546
6,4,49.2,866766
5,2,132.0,1026635
3,5,94.3,902505
3,2,71.7,638529
4,3,33.5,525102
6,3,89.6,941248
6,2,87.0,984083
5,3,106.9,1099689
5,3,129.0,993104
6,5,67.7,1026632
5,4,170.3,1331269
6,5,78.5,1127177
2,1,124.1,720469
6,5,103.6,1181144
3,2,92.1,709100
5,4,101.6,1071280
6,2,62.4,916312
6,1,84.5,860891
5,4,46.4,701895
2,3,78.0,711824
2,5,81.3,784274
5,2,133.8,1071041
1,1,86.7,589415
5,3,82.1,812463
5,5,108.8,1053798
2,3,107.2,802266
2,5,76.4,696688
5,4,115.8,1055160
5,3,92.9,981581
5,3,76.3,864968
2,3,80.2,591872
5,4,138.0,1191284
5,1,81.4,828176
4,5,110.4,1035579
1,3,48.7,482757
3,4,144.6,1034904
1,1,76.7,478054
4,5,116.0,973213
3,4,89.9,846204
5,5,115.6,1137996
4,3,117.7,895305
5,1,94.2,900004
2,4,30.0,503556
6,1,143.6,1081748
4,3,94.4,887623
2,1,114.7,657019
4,1,127.7,862202
4,2,81.7,698747
2,1,120.7,682679
3,5,70.1,797312
1,4,115.5,794483
5,2,100.8,940957
4,4,83.1,712966
5,4,101.9,988881
6,3,57.8,811194
2,3,112.4,798258
5,2,116.5,975646
2,3,113.8,813619
5,3,160.1,1224831
1,3,96.2,629964
1,4,99.0,695320
1,2,53.2,406710
1,4,162.9,1028276
1,5,40.1,504589
1,4,109.1,721882
2,5,75.4,687433
4,1,102.5,816711
5,1,47.7,652418
1,5,135.7,984050
2,5,61.8,643521
2,4,146.7,906041
2,5,62.9,692112
4,2,139.0,969756
5,1,66.8,695257
4,1,75.4,676781
3,5,99.9,937350
2,3,66.1,632033
3,3,64.9,710554
6,5,66.5,1035424
1,2,112.8,682596
1,3,100.0,585486
4,5,102.1,958996
5,2,87.0,911972
3,2,121.9,866203
5,4,142.0,1297929
4,2,123.0,914661
1,3,91.6,748028
5,3,51.2,730183
5,5,30.0,714012
1,5,97.4,722740
3,2,30.0,477992
1,1,92.0,463472
5,4,156.1,1224984
3,1,53.9,499746
3,2,48.6,415608
1,2,125.5,729776
5,1,30.0,621024
4,4,115.3,1020323
5,1,158.7,1081429
2,5,65.1,659058
6,3,58.2,848894
4,5,123.6,1060666
3,3,53.2,622694
4,2,132.4,948998
3,4,56.4,612709
3,1,170.7,1087352
4,4,126.5,1084667
3,1,101.5,622426
3,5,168.4,1201092
2,5,141.3,1077824
5,1,114.7,908043
5,4,30.0,655972
6,1,71.9,781103
6,2,143.4,1170919
2,5,48.0,596995
6,2,69.4,828035
4,5,59.1,788525
1,5,116.1,793743
1,3,138.5,792192
1,2,138.6,739130
2,2,65.9,541067
2,3,115.5,839096
3,4,64.0,650955
1,2,91.6,507095
4,1,120.8,830064
6,3,142.5,1281167
4,2,30.0,499344
6,4,103.9,1077049
1,2,156.3,833427
1,5,109.3,840384
1,1,103.3,578703
2,3,77.5,602326
6,5,155.2,1316990
2,4,79.3,715871
2,5,96.0,835172
5,5,81.2,903447
4,4,104.3,1010844
4,5,157.0,1204522
3,3,63.8,535663
2,2,104.5,786691
6,5,115.6,1185264
5,3,67.5,825503
5,2,97.6,972991
4,2,174.1,1113110
2,5,30.0,548966
3,3,83.2,792950
2,5,110.0,838375
1,4,85.0,725363
2,2,215.4,1139066
1,5,121.9,863996
1,2,58.2,378246
3,3,30.0,529792
6,1,113.6,932979
4,5,69.8,813123
2,5,151.6,1028053
1,2,89.0,510427
2,3,77.3,599348
6,4,76.6,962388
4,3,139.5,1052560
6,5,116.6,1183981
4,4,170.2,1212745
5,3,91.4,893479
4,1,134.5,855931
3,2,135.2,883338
6,3,127.0,1130198
1,3,79.6,592943
5,1,118.9,943826
3,5,96.1,831097
2,2,95.1,689156
6,3,67.8,881066
1,4,30.0,477008
4,3,149.9,1029987
1,2,117.3,690856
2,3,46.3,549789
5,1,128.7,964366
5,3,150.7,1132591
6,3,131.1,1119177
5,4,64.3,878744
6,1,70.7,710837
6,1,78.1,804720
6,3,134.4,1131191
4,4,119.2,976165
3,3,211.6,1334332
6,3,34.4,704876
6,2,97.9,972184
3,2,30.0,382899
1,4,123.9,868891
6,5,142.7,1322674
4,2,157.7,1151479
5,5,107.5,1063586
5,1,30.0,557478
2,2,98.0,720143
2,2,117.5,790116
5,4,59.8,903963
5,5,89.4,919142
4,2,48.9,608863
3,2,75.5,629420
2,4,136.5,930359
3,4,127.2,1057106
4,5,44.2,697849
5,1,71.8,765743
6,1,102.3,877572
3,3,109.1,901750
5,2,73.5,779556
5,5,119.1,1121624
1,2,98.6,536811
3,5,30.0,580965
6,5,77.1,982761
3,5,76.0,889342
5,2,127.1,1024672
6,4,127.8,1165465
4,2,33.1,497079
1,5,117.5,780930
5,3,97.0,1012800
2,1,105.1,725570
2,5,75.4,726165
1,3,97.5,767837
4,4,146.0,1136403
5,5,104.5,1125015
3,3,98.3,830671
1,5,80.8,655018
4,2,142.1,1028524
3,3,48.8,598094
2,2,67.9,480432
2,2,46.5,463520
3,3,108.0,903170
1,1,147.2,747778
2,3,86.8,670295
5,1,57.2,602026
6,5,165.5,1390420
3,5,118.1,970970
3,3,111.1,938862
2,5,92.4,789906
1,4,126.8,813906
5,2,110.5,942436
1,2,80.7,447987
4,1,87.4,605579
4,5,59.2,727314
6,1,54.2,730183
2,2,88.1,636468
2,2,146.2,941213
2,5,58.6,577832
6,4,133.5,1210343
4,4,68.0,706600
1,5,30.0,468366
6,5,121.9,1149493
6,1,165.2,1201009
1,5,65.8,626287
2,4,37.2,487863
5,5,118.2,1018787
1,1,63.1,486945
4,1,121.5,851727
3,1,146.1,836790
3,1,113.2,807570
6,3,132.4,1205686
3,5,132.7,1041881
5,2,139.6,1155002
2,5,101.8,811103
4,3,131.2,1029016
5,1,106.6,905132
4,3,115.7,1026137
4,4,222.1,1382142
2,4,109.7,948078
6,5,40.1,909096
3,5,92.1,896937
2,2,87.6,594122
5,2,89.4,808153
6,4,138.1,1256011
5,1,145.2,1078196
6,3,95.8,1019229
5,2,44.3,657450
2,2,104.0,729435
6,1,78.3,712908
6,1,108.4,944567
4,5,95.2,889065
4,3,148.7,1096917
1,1,111.0,684788
5,2,78.4,757331
4,2,44.6,545139
1,4,98.1,668881
4,1,98.2,736205
5,5,89.5,1030459
6,3,131.0,1198918
3,5,44.7,734559
5,2,69.5,712485
2,5,102.1,883722
4,2,77.6,771806
4,2,85.7,848457
6,2,97.6,912630
2,2,127.4,713294
6,2,96.0,938027
2,4,30.0,615434
3,5,75.9,746733
4,4,119.8,1043587
4,4,130.5,956454
3,1,132.7,947956
1,1,144.0,674301
6,1,104.7,821762
3,3,110.5,862313
6,1,59.4,743414
5,5,30.0,805964
4,4,43.3,717308
6,5,71.9,893640
2,1,45.6,387659
6,3,88.3,932418
5,3,81.5,800071
4,4,137.5,1120492
3,5,61.2,787704
5,2,105.6,885039
4,5,83.2,887799
6,1,59.7,725506
1,2,70.9,455957
1,3,30.0,333630
2,4,129.9,891616
4,4,156.1,1188638
1,3,89.3,592533
3,1,101.2,736585
4,3,88.2,797240
3,1,67.2,594720
3,2,128.2,856298
1,3,112.8,757719
4,1,30.0,422570
6,2,58.6,828038
5,3,30.0,546098
1,4,162.2,999682
1,3,93.1,610713
6,5,109.6,1161017
4,3,85.9,757107
4,5,144.1,1168755
3,2,134.4,859459
6,3,91.4,969305
6,2,168.7,1262681
4,2,107.4,879853
3,1,41.6,450467
1,2,104.0,731918
2,2,120.7,757642
5,3,94.7,919388
1,3,83.5,755148
4,4,170.6,1236407
5,1,52.6,684205
2,2,30.0,403827
2,1,164.8,1048168
3,5,51.0,617779
5,2,88.5,771179
3,1,84.9,586168
1,4,149.3,950353
6,4,157.4,1278104
6,2,48.3,630700
6,5,154.3,1318025
5,4,153.5,1259343
6,4,100.8,1028304
1,5,137.3,994978
3,1,141.3,839640
5,4,89.9,955270
3,3,93.7,762091
5,4,123.6,1115503
3,1,34.9,431308
2,1,85.8,655574
3,2,52.0,578427
6,3,156.9,1255205
2,1,85.4,604838
3,5,111.1,997259
5,3,91.3,1012934
5,3,88.7,891116
5,5,108.4,1083828
4,4,70.8,864099
1,5,92.1,634347
5,5,91.8,1002716
2,4,83.1,748537
5,4,115.6,1122750
4,4,82.1,739073
6,4,164.4,1293087
2,4,125.2,778579
4,5,46.0,780771
6,2,122.0,1079380
2,2,72.4,636844
3,1,105.4,735882
1,2,70.8,600434
1,2,30.0,257848
4,5,99.1,957731
6,4,42.6,832446
1,4,116.8,759911
6,5,107.0,1172319
6,2,75.8,855768
4,5,173.0,1300150
4,1,50.4,550664
4,4,75.0,852889
1,3,55.2,451130
4,1,181.7,1091439
1,1,154.1,816762
4,5,43.1,692322
5,2,67.0,701434
6,4,68.3,840952
4,3,78.0,827425
2,1,58.3,485424
6,3,75.8,981335
6,2,140.2,1151015
4,2,177.9,1234371
3,3,38.2,484824
4,4,58.4,647195
6,2,108.5,970857
2,3,36.8,445247
6,1,109.6,981120
2,3,121.6,901261
1,3,128.0,812221
5,5,120.5,1255055
6,2,78.6,879646
4,4,92.7,902336
1,4,52.8,524595
5,5,118.6,1152528
4,4,164.1,1236834
3,3,118.5,831583
4,5,72.2,897509
2,1,139.8,944346
2,2,194.6,1071667
3,2,109.7,801705
1,2,122.2,651165
5,3,127.1,1109582
4,1,35.8,528745
2,5,83.6,690796
1,5,79.4,611881
3,2,133.4,806192
6,1,128.7,1127825
2,1,95.2,576331
3,1,77.0,599991
4,4,32.5,608080
5,4,99.4,1046648
2,2,61.8,551188
2,1,56.9,476210
4,1,137.1,906125
6,5,132.9,1302007
1,5,80.5,728474
5,2,37.2,650156
2,1,67.0,426900
5,2,139.7,1022298
2,5,118.7,1011045
5,5,81.1,1062272
3,4,102.4,867076
2,2,30.0,371436
5,2,30.0,592870
1,1,179.1,954832
3,1,120.3,729049
3,4,100.1,871820
1,3,84.1,547010
5,3,30.0,633987
4,3,139.7,1014587
1,2,54.5,382945
5,2,128.2,1035832
1,5,105.3,762894
1,2,97.9,555680
2,2,47.9,528249
5,2,48.4,613743
4,4,115.6,884665
2,2,103.2,732697
1,1,101.9,564006
6,1,111.4,970020
1,5,30.0,462909
1,4,140.6,966258
5,1,85.8,879127
5,4,146.8,1223208
2,4,30.0,416213
4,5,122.8,1089722
2,4,122.4,920183
3,2,40.6,542677
1,4,74.4,611798
6,5,57.6,901261
1,5,134.5,880038
1,5,112.4,819772
2,1,164.0,852742
6,2,108.1,1026250
6,1,129.3,1060669
6,3,146.9,1239579
2,2,122.2,825678
1,4,84.6,723395
2,5,77.2,733825
5,3,96.8,939494
5,2,131.9,1024901
2,1,69.4,529677
6,5,126.1,1237006
1,1,112.9,685826
2,2,49.9,521107
2,2,124.1,814440
2,3,105.7,761565
3,4,78.0,747243
5,1,105.1,896955
6,3,79.5,952054
4,5,109.9,1010899
6,4,93.3,1054189
4,3,38.8,565902
3,1,94.5,707700
2,2,82.3,575807
3,5,125.4,1063007
3,1,135.2,852522
1,4,79.6,712071
5,4,68.4,859863
4,2,32.8,539470
2,2,67.4,473540
4,5,87.1,992138
6,5,46.4,877035
4,2,135.7,1077739
6,2,110.5,1019601
5,4,95.2,967618
6,2,99.3,941425
4,3,112.2,967197
4,1,125.3,919994
6,2,132.4,1048919
3,5,87.6,825911
5,3,94.3,960575
1,5,106.9,768910
2,3,92.7,666251
4,2,134.9,996829
2,1,149.1,865275
1,5,113.8,808733
2,3,63.7,664894
1,4,120.3,804061
6,2,115.3,975816
3,1,60.3,450486
4,2,115.3,949991
1,4,78.2,567176
2,1,129.8,775818
4,4,120.0,976349
3,2,108.9,795031
6,3,101.5,1044337
4,2,30.0,446722
1,2,51.4,378645
3,2,94.8,702776
2,5,160.8,1065220
3,4,122.6,942859
3,4,172.6,1155338
5,4,103.3,1058587
3,5,98.8,868658
3,3,157.0,1089063
4,2,93.6,822132
2,3,60.5,487380
4,5,112.7,1011730
4,4,144.9,1126549
1,2,67.0,484600
4,1,123.6,874209
5,1,96.3,885313
5,3,118.1,1036480
1,4,112.5,798711
6,1,83.4,815816
2,3,95.8,743890
2,5,85.9,873238
4,3,104.7,927703
4,3,66.2,782853
6,3,75.7,896147
4,2,83.4,801699
2,3,115.7,861084
3,3,43.4,567476
5,2,95.7,876979
3,2,71.7,557768
3,5,83.5,834326
2,4,73.6,699430
3,1,107.8,706760
6,1,93.7,828215
1,3,128.5,803187
4,5,116.1,1063844
1,3,38.5,325963
5,1,61.6,679238
4,2,93.1,813337
3,4,98.3,918336
5,5,65.1,869253
4,2,152.2,1169036
6,4,134.6,1228338
6,5,34.2,763849
6,5,113.8,1165667
6,1,98.2,856114
3,2,149.8,975535
1,5,37.2,510844
4,5,182.4,1364183
3,4,66.3,651763
6,1,115.1,925410
1,3,75.7,581825
5,1,85.0,814496
5,3,32.4,621458
5,2,147.9,988556
6,2,89.2,863543
5,5,91.9,1063016
2,2,192.5,1069320
4,5,138.4,1135338
4,1,73.3,687361
6,2,75.6,844840
2,1,110.4,756635
3,1,130.8,830059
3,2,170.1,1032406
5,1,35.7,619655
1,2,129.1,753253
3,2,135.5,865860
1,2,68.4,501479
4,3,85.6,800436
1,1,34.8,219247
4,4,80.0,844594
2,2,109.3,723872
2,1,163.8,842570
6,5,167.5,1370579
6,2,58.8,877993
5,2,158.3,1166480
3,4,30.0,612333
5,3,76.6,860153
4,3,87.9,887530
5,2,110.1,973109
1,1,104.3,541855
4,5,114.6,1076166
6,5,92.7,1039428
2,1,138.4,859194
6,2,127.7,1105416
3,5,88.4,858817
4,3,133.7,1009704
4,1,182.7,1192240
1,4,73.1,590930
3,2,167.0,966065
2,1,76.7,449261
4,5,156.4,1170395
4,2,78.2,770940
1,3,130.6,850831
5,2,107.2,948583
2,2,30.0,390720
6,3,176.6,1437106
3,3,64.2,665961
4,2,49.2,633377
4,3,74.4,764363
6,1,201.2,1352571
2,3,49.9,500319
5,3,107.1,1084622
4,2,55.1,573494
2,1,61.9,484408
6,4,36.0,706334
1,4,112.6,746204
5,5,93.6,1059671
3,3,54.7,515855
4,3,134.9,1082413
2,1,139.1,918546
1,4,116.3,811557
3,5,146.8,1183816
2,1,86.0,589580
2,3,112.9,833581
3,4,86.2,820561
1,5,39.7,473177
6,2,108.8,979480
1,4,106.3,807634
5,5,98.8,1042454
4,1,115.0,840208
3,2,156.5,1006018
6,5,91.8,1098524
3,5,61.7,678433
3,3,90.1,756297
1,4,94.5,710896
4,3,139.3,993091
5,2,104.3,929660
2,5,54.1,588444
2,3,132.2,900604
3,4,125.8,1084048
4,2,104.3,843235
6,1,137.9,1036752
1,3,144.6,882663
4,2,84.9,785771
4,1,64.0,571124
1,3,99.5,581938
3,2,121.5,809897
4,2,95.8,808618
2,3,60.5,539318
1,2,106.5,703155
6,5,30.0,830855
5,3,87.0,896696
3,2,134.0,825961
1,1,136.2,764499
5,1,30.0,633958
5,5,92.3,1058450
6,3,124.0,1094984
4,2,53.0,611487
6,2,85.1,926002
4,1,148.3,1066722
4,5,80.6,857563
1,1,163.9,834479
1,1,70.4,434428
3,5,156.4,1157244
4,3,101.3,925659
5,2,64.9,755015
2,3,156.5,924519
3,4,51.7,609995
1,4,68.2,545325
6,4,119.6,1047439
3,5,103.2,971028
3,1,111.0,765934
3,3,85.3,716668
3,2,52.0,589239
2,4,73.9,687660
6,3,152.8,1193365
6,4,46.5,859823
6,4,165.8,1434652
4,2,112.6,879859
5,5,76.1,939222
6,1,30.0,610388
3,5,30.0,534105
3,3,85.8,753011
6,5,80.9,989557
6,3,104.7,1040868
3,3,168.8,1127740
4,1,121.5,903306
1,2,94.9,625213
1,1,148.7,742647
6,5,106.0,1156498
2,3,164.0,1075752
6,4,73.1,891355
6,4,54.1,950652
1,3,30.0,306378
3,1,95.8,772398
6,2,50.6,700022
3,1,50.0,482404
3,3,141.4,986532
2,3,31.1,361681
3,2,104.1,813550
1,5,96.7,792494
4,5,103.7,1027570
4,2,155.4,1066714
5,5,67.0,866287
6,4,155.4,1374248
1,5,30.0,465672
3,5,126.0,989319
4,5,159.1,1256474
1,4,30.0,321264
4,5,98.6,979018
3,4,95.3,871777
4,2,102.9,833962
6,1,168.5,1263625
6,2,69.5,873207
5,1,52.6,650554
5,2,103.2,1002645
4,1,145.0,1050074
1,1,122.3,701920
6,3,101.4,1043934
1,1,90.8,515919
1,1,30.0,222641
4,3,123.4,1025329
1,5,128.2,887003
6,5,72.3,944675
3,3,81.4,686242
5,4,58.1,777809
3,1,134.7,953939
1,1,85.4,546535
3,3,94.0,784838
6,3,125.2,1153965
6,4,113.1,1155356
1,5,122.5,827961
4,2,107.0,803092
3,5,107.9,998058
4,1,107.5,746288
4,3,118.1,960653
2,4,120.1,844184
1,5,51.0,560602
5,4,76.1,879852
6,5,91.9,1110094
6,1,118.1,885769
1,2,163.9,963569
5,4,67.5,890389
6,4,135.1,1278734
1,2,77.2,562408
6,4,154.8,1332382
4,4,176.5,1242154
3,5,30.1,617279
3,5,86.9,865736
6,2,30.0,698828
2,1,32.4,366912
5,4,34.9,711756
5,1,125.0,983988
5,2,117.5,1004743
4,2,132.0,1028640
5,5,124.3,1246219
3,4,119.4,977165
4,3,104.5,926452
1,2,94.8,585291
5,4,140.8,1166361
5,1,100.5,815918
1,5,121.0,704544
5,1,30.0,493039
1,2,53.0,399851
4,2,139.2,991127
3,1,73.3,612511
1,2,44.2,328634
2,4,125.7,867432
1,2,100.1,514554
5,5,83.7,1000322
4,4,160.4,1157248
6,3,153.5,1224937
4,2,92.5,824426
6,2,128.9,1055891
1,5,30.0,474016
3,5,143.7,1046473
2,1,56.5,443358
4,1,41.9,488131
5,1,30.0,521685
6,5,30.0,880584
5,1,143.2,962494
3,1,125.2,894726
6,3,69.4,836206
4,1,134.2,977335
1,2,76.2,566269
5,5,112.9,1129780
3,4,80.7,712262
4,3,95.2,872028
4,5,63.7,944502
4,5,69.6,843794
4,2,121.8,922896
6,1,128.2,1037007
4,2,83.4,781235
5,1,39.0,571043
3,1,198.8,1169053
6,5,101.5,1111989
4,1,112.5,784373
2,3,49.5,629064
2,3,148.6,953909
3,3,154.7,1216141
1,5,31.7,483799
1,2,95.9,631569
6,4,92.8,1022057
6,1,195.5,1320272
6,4,157.7,1315516
1,2,42.0,317244
2,2,70.9,512716
1,5,64.3,698491
5,3,114.9,1056889
4,3,162.9,1237906
6,2,104.4,1045896
2,5,120.0,900141
3,5,73.4,713440
3,1,119.8,776238
4,3,81.1,799646
2,2,34.4,451880
1,4,117.2,794826
1,3,99.6,816544
5,1,56.1,630869
5,5,165.8,1375722
1,2,69.3,452108
3,3,124.4,939952
6,4,85.5,998462
3,1,161.7,975410
5,1,90.5,776294
4,3,33.0,585944
1,4,132.4,907609
5,1,161.6,1078364
5,2,82.9,820601
6,1,127.2,1066855
1,4,105.2,777442
6,5,84.7,1144262
1,5,133.6,950270
6,3,68.0,855992
3,4,101.3,837449
4,1,110.3,797311
4,1,108.8,787997
1,5,69.0,641213
2,5,182.4,1231756
5,2,150.5,1168431
5,5,139.6,1261523
1,2,157.3,940283
6,1,102.8,898931
2,2,85.1,704991
3,2,56.4,532490
6,3,71.9,910778
6,5,59.4,927737
1,2,78.9,523746
1,1,111.1,653380
5,4,136.6,1092603
1,2,135.5,738007
1,5,53.1,596589
1,3,127.6,793935
5,1,145.8,1043063
3,3,89.8,708190
3,4,147.9,1063114
1,2,135.0,811691
5,2,49.4,644199
3,5,187.7,1372715
6,2,71.4,895027
3,1,138.3,864832
3,4,136.8,996102
5,3,51.0,591453
6,4,107.2,1048373
5,2,136.4,1006688
1,3,50.6,376221
4,5,104.0,996132
3,4,139.7,1054285
4,3,142.3,1161036
5,3,84.1,881851
5,3,161.8,1126308
5,1,152.2,1047606
4,4,109.6,1003949
5,3,73.6,827318
1,4,53.4,552988
5,3,115.1,992270
2,5,158.6,1161214
4,5,94.1,965814
2,5,65.6,698939
5,2,133.0,1055984
1,3,107.0,663154
3,2,120.6,850003
6,4,79.0,990137
6,2,85.2,833394
5,4,78.8,908580
1,4,120.0,870594
4,4,86.4,890599
2,2,123.7,865000
2,3,75.1,648539
2,2,119.9,734668
4,3,128.2,1046218
6,3,113.3,1022626
1,4,136.7,874645
4,2,80.7,729538
2,3,127.7,830761
5,5,109.3,1210950
3,3,67.6,660615
4,5,30.0,755503
4,2,32.3,542410
1,2,30.0,263953
1,2,117.0,676223
4,3,87.0,819617
2,1,103.5,638607
3,3,92.8,763830
1,3,123.3,803387
2,4,124.4,918232
5,4,101.7,1042221
1,3,104.1,764949
2,5,105.7,842231
2,4,155.7,1096215
3,3,30.0,564680
3,1,73.2,654001
5,5,134.6,1117750
2,2,144.3,979306
6,3,117.1,1065076
2,3,92.6,614823
3,5,174.5,1333736
6,4,107.1,1127676
1,4,101.2,753276
1,4,153.3,943117
4,2,119.0,924704
3,5,137.6,1072203
4,5,142.3,1139044
6,4,85.1,1004104
3,4,170.7,1183848
5,1,30.0,468918
2,1,30.0,327781
5,3,72.8,738185
6,3,83.1,1039812
3,5,114.5,970143
6,5,72.4,942325
2,2,99.5,713515
1,2,91.8,545739
1,1,180.2,929340
6,3,67.8,897879
4,1,32.7,426217
3,1,144.8,1008905
3,3,71.4,783733
1,2,96.3,577227
5,3,74.2,777522
2,4,129.5,896191
5,4,45.0,728802
5,4,30.0,740517
6,5,151.8,1327593
1,2,109.9,606461
1,2,142.9,818154
1,5,150.5,922655
6,1,63.3,808435
4,4,102.4,970919
5,4,120.2,1060975
6,1,95.7,875971
3,3,87.5,766249
2,3,91.5,646390
4,2,143.3,985642
3,5,89.6,852107
5,2,124.0,942102
1,3,113.9,709723
5,1,61.4,622794
6,2,112.1,1095664
2,4,38.5,492867
6,4,116.1,1094916
4,1,135.6,974123
4,3,144.9,1050430
2,4,61.9,563391
3,4,78.6,807868
3,5,111.4,944974
4,2,81.0,786384
4,3,30.0,564247
1,2,78.3,528954
3,3,111.2,888595
2,4,142.7,950413
3,5,167.6,1173546
1,2,105.0,702582
6,4,122.7,1200914
4,3,138.4,1049566
4,2,30.0,554785
1,2,59.2,463549
2,4,104.1,855626
4,2,162.2,1052928
5,5,125.2,1160147
4,5,113.2,1095836
5,4,90.9,1042801
1,3,117.1,720026
1,4,76.1,620598
4,5,68.8,840597
3,1,72.3,523062
5,1,153.6,1076908
2,2,66.4,459819
4,2,84.0,749854
2,1,118.8,672881
4,5,64.8,830062
3,2,109.0,785214
3,4,109.0,884354
3,4,75.0,825269
6,5,89.6,1076960
3,2,62.3,684067
1,4,155.3,991216
1,2,110.3,707144
6,2,58.1,737768
5,4,105.1,988053
2,1,106.9,671750
4,4,30.0,675653
4,5,153.6,1203132
6,3,60.4,770297
1,4,183.6,1116138
4,2,131.8,976351
1,2,54.9,389620
5,4,87.4,924781
2,3,136.9,862517
5,4,90.5,1003399
6,3,147.1,1233248
3,3,85.0,754331
3,5,96.9,866018
3,2,138.0,997838
5,2,124.1,1019650
4,3,63.0,606402
2,2,117.4,791128
3,1,106.7,726924
6,3,63.5,847690
6,2,44.4,769398
3,1,30.0,399428
3,5,88.2,942620
2,2,97.8,685558
3,1,120.2,777493
2,4,132.8,847021
6,4,83.4,959611
3,1,96.7,678934
5,3,69.7,886744
5,3,103.5,942675
6,2,138.7,1226432
2,4,104.0,750790
5,3,146.5,1120775
2,3,138.1,967669
5,4,158.3,1232629
5,5,105.2,1128223
2,3,78.7,602847
4,1,124.8,855517
5,2,85.1,864969
3,3,123.6,875558
6,3,73.5,886975
4,5,66.9,850625
2,1,148.7,846329
4,2,59.5,619607
1,3,140.9,793643
1,2,123.4,797952
5,4,103.8,1098779
5,3,30.0,651466
3,3,159.4,1065812
6,4,62.6,892870
4,5,138.1,1193177
1,3,72.4,597219
5,2,69.2,734182
6,1,126.7,1094081
4,2,121.5,957678
5,5,54.2,896743
5,1,157.5,1028527
1,2,91.8,561951
1,2,102.8,623762
5,4,88.1,923078
2,5,55.9,737368
5,4,129.4,1111847
6,1,111.6,995538
5,4,67.8,862726
3,5,137.8,1065432
3,3,102.2,784438
3,3,103.1,926540
2,1,171.1,948679
2,3,35.7,494339
5,4,35.2,707700
3,1,44.2,435783
2,5,114.5,910868
1,1,85.6,520777
5,1,88.8,776202
6,2,62.3,762134
4,2,166.6,1153553
5,1,180.0,1216001
4,3,136.0,1009199
3,2,39.7,441766
4,5,80.5,909822
3,4,133.1,913038
1,2,98.2,598720
4,1,136.1,949154
5,3,149.9,1261490
3,4,176.3,1203819
5,2,73.8,767064
2,3,103.3,768859
3,3,82.4,694835
4,3,30.0,554053
3,1,128.1,837750
5,5,122.5,1182895
1,3,78.1,537921
3,4,36.1,572063
4,2,84.6,671307
2,4,129.2,947436
6,1,153.5,1149197
1,1,71.5,535951
2,4,144.3,1006952
3,5,124.9,978695
5,1,116.5,869697
5,1,48.3,650245
4,4,50.0,794804
5,1,66.8,774966
1,5,86.9,650615
5,5,172.0,1384298
4,5,73.5,917148
6,2,130.9,1041767
3,5,81.4,878210
3,5,118.9,959947
5,2,97.5,877889
2,3,107.1,785695
3,1,114.8,829946
6,5,90.0,1151693
5,1,115.0,901256
4,4,149.4,1128122
6,1,69.8,756947
5,2,147.4,1152435
6,1,89.4,922041
3,1,85.2,687942
4,1,128.0,919410
5,3,86.4,907013
1,3,112.8,715932
4,4,109.0,963779
1,2,30.0,347698
6,1,116.7,1008379
2,1,42.4,356943
4,1,45.4,589287
6,1,114.7,955571
1,3,121.5,773871
3,4,148.2,1014907
3,5,56.4,666623
2,2,70.3,557525
4,1,118.6,828773
4,4,149.0,1138912
4,5,107.7,1075254
6,4,64.9,905722
2,3,160.3,1056147
4,5,89.5,893738
6,4,90.8,1055829
3,3,42.6,501537
1,4,129.0,837846
6,4,134.1,1252943
3,5,71.8,783588
3,3,170.0,1172332
1,1,76.5,497692
3,2,125.0,857125
2,5,108.9,945104
1,3,30.0,376815
3,4,121.8,945718
5,3,118.2,1039030
6,2,30.0,659545
3,2,161.0,1044639
2,1,118.3,715385
4,1,149.6,1021718
3,2,31.4,490591
4,5,83.6,927400
5,5,147.2,1282084
3,4,37.3,572673
1,1,84.8,457096
4,4,116.3,946703
5,1,30.0,499621
1,2,47.1,361249
1,5,155.3,1102364
1,5,102.4,843346
1,2,147.1,802140
3,4,107.3,915262
6,4,198.2,1508680
3,3,117.5,900771
3,1,150.8,911129
5,4,90.2,1067792
5,2,108.4,1031156
6,4,125.7,1170905
5,5,132.3,1165588
2,1,98.4,679255
6,3,100.1,960010
5,1,120.1,982642
6,5,120.1,1216500
3,5,59.0,653784
3,5,109.0,942904
6,5,112.8,1144951
2,2,60.9,522351
2,3,136.2,905942
6,5,116.5,1126928
5,5,193.2,1452809
4,4,99.0,954053
2,3,145.4,981845
1,1,121.6,648889
3,3,176.9,1178747
6,3,61.2,858722
1,3,80.2,578211
6,5,62.6,974766
3,5,96.9,849714
3,2,55.0,557598
2,1,39.0,285107
2,4,30.0,472293
1,3,30.0,426251
6,1,126.3,1022174
3,1,81.8,694273
1,2,50.6,382745
4,4,73.6,757129
1,3,78.9,608247
5,4,61.4,849568
1,2,164.2,1024949
5,5,156.7,1256064
5,1,163.5,1153748
5,3,107.2,1001857
4,5,111.2,1083392
1,2,73.9,529019
1,4,66.1,553123
4,1,100.9,730356
3,3,126.1,944755
2,5,147.8,1073959
1,5,78.2,703292
2,1,49.9,400036
6,4,129.4,1216024
6,2,30.0,577792
4,4,98.4,871479
6,4,103.6,1132851
6,4,84.8,1010809
3,1,38.2,455646
3,1,85.4,614272
3,2,165.7,1019385
6,4,123.7,1155332
4,1,146.5,1000992
5,2,51.3,715199
5,2,110.2,933571
2,4,103.5,722922
5,3,104.3,989438
5,4,122.2,1113404
3,3,105.9,860476
3,2,52.4,588722
6,1,124.5,1069263
2,5,133.6,1059399
1,2,152.8,858927
2,1,154.5,863861
2,2,119.1,827799
4,4,54.3,769707
6,3,38.8,733068
4,2,90.9,844417
2,1,136.8,809231
2,4,134.2,1007722
2,5,111.0,975780
5,4,98.5,1125472
4,3,176.1,1225784
2,4,123.0,964097
3,5,96.5,936983
6,1,74.2,851168
6,2,59.7,809672
3,3,55.7,658283
6,5,59.7,869766
5,3,111.2,999129
5,4,99.3,964073
1,3,87.0,574479
1,5,129.5,830790
1,2,172.4,919315
6,2,67.1,813090
5,3,73.0,837843
5,1,30.0,534378
5,3,98.9,997877
3,4,94.9,792228
5,2,135.7,963519
3,2,96.5,770946
1,2,76.5,511803
1,1,107.7,601308
6,1,122.3,984633
1,5,35.3,524265
6,3,140.3,1180287
2,3,152.3,930955
2,4,121.9,972254
4,2,62.6,696358
6,1,87.0,859307
4,4,147.3,1020855
4,4,60.9,742149
2,1,125.1,752075
6,3,98.0,1084045
2,2,106.4,631335
4,3,66.6,807573
6,4,113.2,1151366
4,2,110.4,816254
5,5,39.6,824406
6,4,99.8,1057006
6,3,124.6,1047407
4,3,84.6,788428
5,3,30.0,647745
3,1,95.4,692429
2,4,158.7,1086138
4,2,86.2,822867
6,3,157.1,1222228
2,3,67.5,592730
2,1,53.6,400527
2,2,99.8,626635
3,4,67.1,709343
1,5,113.2,850957
4,1,85.1,737471
1,4,159.0,965544
1,5,82.3,640106
1,3,103.6,653921
2,3,123.9,753498
5,2,138.3,1012671
2,5,159.2,1051204
2,3,90.6,739989
6,3,84.0,990344
6,2,30.0,761474
1,4,181.7,1099524
2,3,114.4,780779
1,1,130.1,705924
6,1,122.2,1011569
5,4,102.0,977330
4,5,114.0,1059059
1,2,77.6,528928
5,1,87.9,791493
4,1,62.0,594248
3,4,162.3,1171898
1,5,122.5,843379
1,5,179.0,1105553
3,4,191.9,1297103
3,1,43.8,507825
1,2,139.4,843347
3,1,45.7,452587
2,5,107.1,808717
4,1,112.6,822176
4,2,48.5,601985
4,3,70.5,691535
2,1,114.4,689458
3,4,107.1,952089
5,3,59.3,774067
3,4,72.1,707324
1,4,40.3,452982
6,4,51.9,857661
4,1,85.1,694476
3,5,139.5,1126360
5,3,144.6,1059141
1,2,173.3,973606
2,5,117.0,887710
2,1,107.5,726176
5,4,119.8,1025394
1,2,119.4,754328
4,3,35.3,549564
3,5,175.6,1266096
1,5,30.0,431750
2,2,146.0,953137
5,1,102.3,850595
5,3,56.4,717737
3,2,121.3,925602
5,4,95.3,964727
5,3,72.7,853232
1,5,44.7,568286
4,2,41.4,522234
3,5,75.6,821133
1,5,84.5,728201
4,5,51.6,684728
1,1,101.5,593079
6,5,57.3,910039
1,4,114.4,865848
5,4,149.3,1264954
4,3,111.6,954041
3,5,96.2,791043
3,5,78.6,835967
4,2,157.8,1052249
5,1,92.3,858843
2,3,199.6,1180244
1,5,52.7,531099
5,2,111.6,930352
6,1,156.5,1155779
4,3,72.4,688414
1,3,90.6,566696
3,5,125.0,1005932
2,3,115.5,887577
6,2,122.4,1106468
3,3,146.4,1059046
4,4,86.1,927445
1,2,157.5,892720
4,1,31.2,447563
1,1,143.1,743389
5,5,145.9,1215210
2,5,69.0,741145
5,4,42.0,692073
5,1,90.7,912727
4,1,116.2,807539
2,1,86.6,640827
1,1,120.1,721764
1,3,177.5,1050011
6,2,45.4,805380
3,2,30.0,435188
6,4,97.2,1063939
6,3,72.8,908790
1,1,80.8,513049
4,1,150.7,917096
5,5,95.2,1022982
5,5,98.8,1087692
5,4,82.5,902780
2,1,98.4,730994
1,4,110.7,774731
4,3,211.4,1406951
2,2,111.2,817888
3,1,146.5,925756
4,3,107.5,990284
6,1,30.0,634157
4,5,77.3,907181
4,4,111.2,935745
5,5,128.9,1235537
4,2,108.4,837521
6,5,136.8,1276344
6,1,41.6,720162
1,5,102.0,760445
4,1,153.1,1036422
5,2,61.1,722425
4,5,144.8,1180756
3,4,142.8,1044930
3,4,50.5,585526
5,4,113.5,1088075
1,5,106.4,830292
1,5,92.9,709155
6,5,38.9,823045
6,1,89.5,918298
2,2,93.7,648677
5,4,32.1,698935
4,1,47.8,500992
5,4,62.9,829967
2,1,58.1,407500
6,5,113.1,1148479
5,4,136.5,1125862
5,5,87.6,1037266
6,4,130.7,1141452
2,3,138.1,924782
6,1,96.6,893491
1,3,116.3,813260
4,1,91.1,778771
6,2,55.1,705892
2,4,70.1,627557
3,2,113.0,818011
1,2,95.1,570124
3,1,129.5,888104
6,3,30.0,713497
1,5,34.1,463949
4,1,38.9,553964
6,5,106.7,1091129
4,2,44.9,568665
5,5,112.8,1120023
3,3,130.1,938476
1,1,160.6,687694
4,3,156.2,1150014
2,3,72.2,639960
4,1,33.2,428837
2,3,74.7,517101
6,4,139.1,1211943
1,4,84.4,639681
4,4,99.0,920095
4,5,77.7,781355
1,3,163.2,964777
4,1,59.4,648840
2,1,102.7,699858
4,5,144.3,1240575
3,1,173.7,980830
6,4,72.2,988888
5,3,138.4,1076254
2,1,74.7,565654
3,1,155.1,921021
6,2,169.2,1298905
1,2,64.4,536632
2,2,126.1,854270
5,3,144.5,1104277
6,4,88.2,960087
5,4,121.9,1137405
1,4,124.0,893976
1,3,180.4,1053226
2,3,30.0,399441
4,2,97.8,822029
1,1,50.0,366576
6,5,100.6,1118005
4,5,68.7,793021
3,1,89.8,717301
5,2,65.0,836567
4,1,106.2,879293
5,1,143.0,934742
4,5,85.1,970706
3,2,157.2,1046421
1,3,141.8,825048
3,5,181.4,1178023
1,3,116.5,738362
1,2,97.5,627088
5,1,36.6,509314
6,4,68.7,990909
3,4,91.7,882978
4,2,96.4,837284
3,4,193.9,1214129
5,3,91.7,899640
1,4,30.0,441184
5,2,126.6,1052509
2,2,124.3,764218
2,3,81.6,629773
4,4,185.1,1276739
5,4,30.0,670855
4,1,150.0,980567
4,5,88.4,894156
2,2,62.0,512043
4,1,196.0,1214071
2,2,129.5,876958
1,1,88.1,427217
5,5,87.2,1053585
4,1,111.0,792209
2,2,81.5,699871
3,4,152.0,1127589
4,2,103.5,873150
6,3,140.7,1197960
1,3,108.3,810577
1,3,134.8,825040
3,3,153.8,1127776
2,5,167.2,1113840
4,4,119.6,1054200
2,4,65.3,728930
1,2,93.1,546536
2,1,99.0,659858
1,2,77.1,481503
2,2,70.4,578255
3,2,107.0,886109
5,2,60.7,676333
3,4,52.9,655868
3,1,32.2,363277
5,2,119.2,979996
5,4,113.6,1092485
4,2,87.0,756649
4,3,139.8,1137657
3,2,60.0,604381
3,2,115.2,762386
1,5,102.2,795739
1,3,70.4,609733
4,1,80.3,718463
6,2,77.2,880528
6,1,110.1,950619
4,3,123.7,981965
1,2,82.9,543791
1,5,71.5,519524
6,4,105.5,1117884
2,5,33.9,592519
2,5,101.4,808787
1,4,162.5,1012743
2,4,71.8,680967
5,4,92.9,1008680
4,2,141.0,1015038
4,1,130.2,942823
1,1,102.5,523051
3,4,97.7,798752
6,5,50.6,919156
1,3,119.6,746927
2,4,46.3,469156
6,5,30.0,822374
3,5,140.3,1027720
2,2,115.5,894788
5,2,135.2,949546
2,1,70.5,510062
5,1,118.7,878138
6,3,82.4,986761
5,3,86.9,870952
6,3,139.0,1245917
6,3,94.0,1031404
6,5,72.1,941262
6,5,45.4,837840
6,1,114.4,967698
2,2,142.4,877329
6,2,68.7,819214
2,4,127.6,950421
6,5,62.3,961997
5,3,130.0,1054241
6,3,101.3,980301
3,4,110.7,867415
6,2,72.1,860965
6,3,114.3,1074705
5,2,76.1,896432
4,4,83.5,855526
5,2,39.3,636263
3,2,69.1,530960
4,2,79.0,668507
1,3,112.5,670235
1,1,123.8,650566
3,5,75.7,726460
5,2,93.4,812653
2,2,167.5,1026796
3,2,105.2,740606
4,1,78.5,681308
4,4,32.8,657270
6,3,65.8,913624
1,1,64.3,423909
4,2,179.1,1203654
3,1,66.1,606141
4,1,102.0,809901
3,1,114.8,828507
2,4,144.3,882004
6,5,100.3,1117260
1,3,79.6,580927
4,4,76.9,820329
3,4,114.3,930308
5,5,72.6,906402
1,4,55.8,560696
2,1,79.6,521330
3,1,47.0,460705
6,2,174.0,1375312
6,4,123.9,1242601
2,2,164.8,989633
2,3,119.4,795534
6,1,161.0,1112713
4,3,114.7,939576
4,5,129.0,1136121
3,1,30.0,358941
5,3,63.4,785717
3,5,101.5,899225
5,3,102.4,874904
2,5,96.9,832109
1,5,118.1,873293
3,1,119.8,806927
3,2,134.6,996345
5,5,126.8,1154325
2,5,148.2,1036669
2,1,148.5,966525
5,2,107.0,869002
2,4,183.3,1133705
6,4,154.4,1332728
4,2,67.7,741012
6,3,115.7,1137410
1,1,30.0,203005
3,2,33.0,540026
1,4,80.0,653294
3,5,65.0,711451
4,4,80.3,804438
2,5,113.1,902706
6,1,149.0,1248168
5,5,146.9,1271537
6,2,116.5,1151532
4,5,56.5,828222
1,3,77.7,506555
5,2,125.5,1085068
2,1,67.0,444091
4,2,49.3,571199
5,3,119.7,1052404
4,1,98.1,769872
4,4,91.6,936705
2,3,144.4,964850
3,1,143.6,900089
5,5,171.2,1455547
2,2,73.9,549018
4,1,117.2,807350
2,2,100.8,716586
3,5,113.5,969987
6,1,54.6,728080
5,4,43.9,784462
3,3,98.4,793506
1,1,66.3,511278
5,5,137.5,1232126
3,1,40.0,417358
4,2,43.3,604202
5,1,83.3,770726
5,4,38.5,728811
2,1,167.0,886373
4,3,92.7,797435
1,1,75.9,514575
6,2,118.7,992515
3,1,135.4,862973
2,4,108.3,843545
3,5,97.3,968394
1,1,60.7,368910
1,1,125.2,721508
5,3,156.7,1198980
1,4,91.2,571444
3,5,66.0,759522
4,2,107.3,859323
4,1,100.1,801733
5,5,51.3,798924
6,2,79.9,852714
3,4,171.5,1241980
3,4,46.1,600632
1,5,72.4,550016
3,2,62.1,613753
2,4,65.6,678274
6,5,82.2,1082502
1,4,117.9,769942
2,4,152.3,1025552
5,4,108.1,1063161
4,3,72.6,805006
5,2,161.6,1202288
4,5,30.0,703781
5,5,126.9,1134618
3,2,58.9,460678
2,2,98.0,733518
4,2,122.5,884057
1,2,35.8,322461
2,1,105.7,705889
1,5,108.7,810660
2,1,158.5,938354
2,4,208.6,1401469
5,4,37.9,748041
4,5,156.7,1198655
4,4,98.5,850820
2,2,67.7,578291
3,1,114.8,780504
3,2,47.9,456639
1,4,50.3,555283
1,1,30.6,293878
5,2,121.8,997716
2,5,113.1,1008202
1,2,67.4,524569
1,4,160.9,944716
6,1,73.5,859299
2,5,151.3,1083684
5,1,104.9,966639
1,5,72.9,695402
5,1,95.4,853518
4,4,49.9,725695
5,5,108.7,1029587
3,3,101.2,789897
3,1,121.1,815358
5,1,135.2,939659
3,2,104.6,804170
4,5,40.9,677098
2,3,137.3,888166
3,4,100.6,898174
3,2,30.0,417202
5,3,112.4,1029205
4,5,115.4,1056570
2,3,85.7,622542
5,1,92.1,858459
5,1,76.2,789489
6,2,116.6,1094258
4,5,105.6,1100582
2,5,63.7,655962
4,3,164.7,1073752
2,2,73.4,537305
4,5,30.0,712974
5,1,81.2,761210
5,3,141.2,1065330
1,4,91.7,598653
3,1,34.6,486757
6,2,58.9,815372
4,5,56.8,760589
6,1,77.0,910574
1,4,89.5,805338
3,4,119.8,1000636
4,2,105.1,890886
2,1,107.1,698165
3,3,171.2,1173068
5,1,134.4,1102867
1,4,130.9,810468
3,2,30.0,428046
3,2,69.9,622285
5,3,36.1,691251
4,2,69.2,769841
2,2,131.8,853717
5,2,84.3,860552
2,2,142.9,916875
4,2,127.7,955918
3,4,102.0,848274
2,1,143.8,841022
1,5,154.6,982880
1,2,118.2,669934
5,5,109.2,1109795
4,5,125.3,1070095
5,4,43.7,839149
5,2,95.3,886164
6,5,99.0,1183644
5,2,85.3,771371
6,3,68.4,817166
1,3,139.9,844094
1,3,106.8,747448
5,5,110.4,1072475
1,3,157.0,921405
4,4,92.2,944837
6,4,84.4,980618
6,5,154.5,1327156
5,2,40.4,667086
1,1,102.0,514012
2,2,70.5,538541
6,2,111.7,1028396
5,2,122.9,1029404
5,2,125.1,1054098
4,1,141.0,1013655
3,3,89.9,749421
3,2,92.4,773635
6,4,121.1,1190095
4,5,135.5,1175810
4,5,48.0,714256
4,4,112.6,1019797
6,2,84.2,891218
3,1,103.5,728080
4,3,85.7,824053
1,5,71.1,745564
5,3,59.3,720923
5,1,94.0,882281
2,5,114.3,976031
2,3,75.9,672738
6,1,147.6,1107393
6,3,198.3,1547346
5,2,116.5,957761
1,1,98.4,596933
3,3,63.5,651838
3,2,114.8,808152
6,2,159.1,1263225
1,1,177.9,1014696
6,4,155.8,1334125
3,5,133.7,1160717
6,1,116.4,984670
4,2,58.1,645110
6,2,96.0,890760
5,1,91.4,783250
6,4,96.3,1042304
5,5,71.2,904053
1,3,130.3,758403
3,1,89.0,622612
2,5,85.8,761765
2,5,71.4,770442
3,2,109.3,727034
2,3,159.9,905310
6,1,99.6,830121
1,2,111.3,628343
1,2,177.4,1000195
3,4,148.1,1058804
2,5,123.5,927296
6,1,121.8,998605
1,1,75.9,367556
1,1,72.0,486914
4,2,105.7,920979
4,4,106.7,943245
1,3,66.0,521315
3,2,128.1,892529
5,3,88.9,846695
5,4,145.1,1180843
6,5,97.8,1199314
1,1,94.2,543894
1,3,62.5,512444
1,2,66.9,436303
3,3,152.7,1025699
4,5,110.8,1060728
1,1,115.6,598094
1,3,164.0,1039115
2,5,47.3,522020
3,2,126.9,849167
6,4,36.5,710185
1,2,82.5,607440
2,1,54.2,432070
5,2,134.3,1040226
6,2,30.0,674880
1,2,90.8,648535
1,2,53.6,422224
2,1,65.8,543267
3,5,72.0,769190
1,3,152.8,859371
5,4,86.6,951269
1,3,169.1,946050
5,3,177.5,1333022
6,4,184.5,1429996
6,1,97.6,905194
4,4,108.4,855844
4,1,115.1,841795
5,3,85.3,871722
3,1,117.0,844534
1,5,62.6,645170
1,4,30.0,406210
4,5,128.6,1027022
5,3,86.0,865029
1,4,60.9,602396
1,3,66.0,507036
3,5,160.6,1129383
2,3,118.6,881131
4,4,39.1,574809
4,4,52.5,710695
2,3,88.3,715365
1,4,119.1,812056
3,4,68.2,654901
3,3,93.1,732409
4,5,104.6,965720
3,4,105.4,923571
6,4,30.0,763526
2,4,108.9,810518
1,4,30.7,428530
6,3,88.5,930938
2,5,79.9,786664
5,5,56.9,878355
4,1,133.7,920545
3,4,55.0,649571
5,4,79.1,888780
3,1,135.1,917969
6,5,77.9,1031534
1,2,69.7,472643
1,2,89.3,523216
1,5,121.6,896765
3,4,157.9,1147473
5,2,62.6,705215
1,3,65.8,495077
5,3,88.9,894408
3,1,109.2,693744
6,5,69.2,985040
5,5,127.5,1091669
6,2,63.3,740916
3,4,30.0,519520
3,5,121.3,974304
4,2,125.9,969135
3,2,141.8,962186
3,5,30.0,663831
2,2,73.4,574831
1,1,90.0,535116
4,1,170.3,1038099
4,5,93.6,893294
4,4,46.1,690848
2,1,111.9,697498
6,1,152.4,1170181
3,5,143.9,1170876
1,3,122.5,715283
5,2,110.5,1031769
6,1,30.0,530499
3,3,101.0,833266
2,4,107.1,759747
3,3,93.6,817423
3,5,128.3,963086
2,4,93.0,621696
4,4,85.3,870952
4,3,141.6,1060770
1,5,83.5,750857
1,1,102.6,585531
4,3,135.9,1004312
6,1,59.6,711089
5,3,55.2,909347
3,1,154.3,910700
5,3,76.3,869539
3,4,127.7,1004747
4,2,30.0,542393
1,4,30.0,428310
6,1,114.6,972180
1,5,94.9,658943
5,4,114.9,1075035
1,2,175.0,956806
4,1,50.5,563475
6,4,101.5,1105135
5,3,159.1,1195263
6,5,56.3,892247
3,1,76.6,649791
1,4,30.0,388557
6,1,189.5,1298126
2,3,30.0,395987
1,2,131.9,793473
3,4,47.2,611947
6,1,58.0,841479
5,1,142.6,1044384
3,1,70.3,516018
2,2,126.1,785478
6,1,155.2,1201171
4,5,108.0,986116
1,5,135.6,929210
5,1,103.2,913443
4,5,105.1,1059304
6,4,74.6,929491
6,5,177.2,1454353
3,1,129.7,848553
6,3,120.9,1181041
5,4,130.8,1083662
4,2,72.9,726073
5,1,137.2,1020346
2,2,162.2,925207
2,3,44.8,553341
1,2,121.7,766998
1,1,102.5,658216
2,1,79.2,605556
6,3,56.3,823723
5,1,142.1,1070316
2,3,108.3,794029
1,3,91.7,587362
2,1,121.7,672408
6,5,94.9,1115503
2,3,71.8,618090
5,1,105.2,856390
4,5,98.9,970340
6,3,30.0,793473
1,5,74.8,547697
5,4,49.4,804403
2,4,33.9,534873
2,5,118.7,972572
4,3,73.2,690704
1,1,141.7,742793
1,2,30.0,287842
3,1,88.1,671003
1,2,75.4,452662
4,2,36.9,564890
3,3,100.2,766677
3,5,40.4,626801
2,1,108.9,747341
2,5,128.8,1011844
1,4,110.7,774350
3,3,115.8,811286
2,3,141.2,942241
4,4,98.9,945162
2,1,67.0,386344
6,4,75.6,977931
6,1,76.5,760469
2,2,58.3,428220
3,3,131.4,895058
3,1,121.1,696768
5,5,33.4,729920
6,5,66.9,920997
4,3,56.3,740471
3,4,112.7,899169
1,4,143.1,877780
6,1,117.9,921023
4,4,72.0,782388
4,3,87.2,890256
3,1,44.3,536652
4,2,47.4,574853
3,4,133.8,1008813
2,4,157.8,1085085
6,1,71.4,740064
5,5,101.9,1077114
2,4,128.8,1038030
6,3,33.4,758764
3,4,58.1,707897
6,2,179.7,1396045
3,4,61.7,732800
2,5,85.5,762228
1,4,75.9,552481
1,1,30.0,248325
6,4,103.3,1036405
1,5,99.0,751360
3,1,107.2,698990
4,3,96.6,845282
3,1,81.6,552958
4,2,79.3,702225
2,1,80.0,570243
5,3,60.5,804932
4,4,66.6,801962
1,1,61.1,376256
3,1,122.9,819455
2,1,112.2,792296
1,1,101.1,538846
2,3,177.7,1169853
5,5,63.0,811181
3,5,144.8,1025937
6,1,89.6,865830
3,3,106.3,836417
5,3,126.8,1014272
3,1,80.9,607587
6,2,57.7,799925
4,1,64.3,570736
2,2,30.0,425795
6,1,124.3,1085481
1,2,123.3,787145
5,2,163.3,1139662
4,1,116.6,815793
1,2,126.2,729296
1,4,96.7,691709
5,5,118.6,1117393
4,3,143.6,1113914
1,2,107.3,683248
1,2,79.2,482450
4,3,91.2,783301
3,2,130.1,833381
1,3,80.3,537619
2,1,135.6,842326
4,4,176.3,1280714
1,4,136.1,928555
5,5,129.9,1099483
6,2,113.9,1046243
2,5,68.9,713193
6,1,65.3,823851
6,4,64.9,891573
1,1,122.2,645860
2,1,84.4,645221
2,2,98.8,676230
3,1,116.7,794221
6,4,66.4,942539
2,5,79.9,666265
3,4,112.9,920174
4,2,88.4,715389
3,4,92.1,820077
5,3,58.7,749393
1,5,92.6,711577
4,3,166.1,1208724
4,3,82.1,804526
5,2,54.1,640492
3,1,138.3,827722
1,3,120.9,806211
3,4,108.5,896382
2,1,47.3,331439
3,4,52.9,627384
4,4,38.5,645410
1,1,117.3,585979
3,1,140.8,861730
1,4,118.6,849640
1,2,178.0,1095463
2,5,82.3,775590
2,5,87.1,713995
4,2,104.3,838298
5,1,90.8,814791
1,4,119.9,849085
5,5,74.4,975367
4,4,44.2,747162
1,2,30.0,304922
1,4,119.2,807376
6,2,79.0,780939
5,1,53.2,588843
3,2,75.2,580456
2,2,178.1,999423
3,5,55.6,652445
5,4,129.1,1076684
2,5,116.8,970260
3,3,153.7,955278
6,2,95.1,937925
2,3,37.6,502345
1,5,139.7,933583
3,4,90.0,881387
2,5,151.0,1039424
6,4,132.6,1304411
2,4,139.8,890825
2,1,194.7,1132775
6,2,111.3,976047
3,5,157.7,1241958
4,4,83.8,833724
3,5,121.6,1062557
5,5,79.9,1023281
6,4,119.2,1127365
3,3,115.0,928559
2,2,30.0,373601
6,2,75.5,786758
1,1,109.2,636872
3,1,30.0,344171
6,1,96.2,870097
3,2,140.3,896885
6,3,152.0,1272955
2,2,68.7,499881
1,2,154.6,804275
1,2,148.3,785292
5,2,30.0,549511
6,3,104.6,1065675
3,1,109.1,796210
1,5,160.8,1088120
1,1,111.5,619811
4,1,155.7,1027843
4,5,68.8,830273
1,2,36.1,354558
6,3,74.1,959368
5,3,163.1,1226303
1,1,137.0,763297
2,5,192.9,1196021
3,4,42.3,642834
5,2,141.7,1098241
2,1,130.2,724246
5,3,88.6,952107
2,5,131.0,917606
3,5,105.6,821447
3,1,118.4,835194
4,4,127.2,1071767
6,3,139.2,1135868
2,1,103.5,673393
4,4,171.1,1308414
2,5,91.4,814228
4,2,175.4,1291003
3,3,54.9,564437
5,3,60.6,660906
4,4,62.9,692679
2,1,138.3,697515
2,5,67.8,801961
6,4,159.6,1337975
3,2,78.9,762189
2,2,116.0,744143
1,2,125.6,689961
5,4,59.4,730662
4,5,44.4,709823
6,3,111.3,1113129
5,1,88.9,788865
3,3,119.9,819845
6,5,46.2,910437
4,3,85.7,857723
4,4,92.7,870776
1,2,30.0,272247
3,5,139.8,1003715
6,5,69.7,1015063
6,3,160.0,1266732
2,4,72.3,531351
1,3,79.1,501906
1,3,50.3,474566
6,5,145.9,1309294
6,3,118.2,1044976
5,2,156.0,1154714
5,3,91.7,870674
5,2,98.3,860352
1,5,32.7,453761
2,4,75.0,761946
4,2,106.8,944727
5,4,115.5,971137
2,4,173.0,1115078
3,2,30.0,372389
5,5,109.2,1038139
4,1,85.0,619332
3,4,103.0,830204
3,4,104.1,818828
4,5,92.4,996863
5,5,54.7,803944
1,3,47.2,335328
4,5,89.4,932174
4,4,43.2,665442
4,2,95.5,796499
3,1,89.9,694893
2,3,30.0,486594
1,2,177.3,954142
5,1,103.1,877190
5,1,30.0,522364
2,1,109.9,709808
4,2,91.9,719905
1,3,47.3,463669
5,3,112.4,1019825
6,1,62.3,702436
5,2,107.7,1045163
4,1,71.9,585756
6,5,63.8,973484
2,3,99.4,689343
1,4,35.1,456923
2,1,96.7,725125
2,5,126.3,997083
1,3,150.8,892907
1,2,143.5,862372
5,3,154.1,1164077
5,2,81.8,842600
1,2,59.0,439953
6,1,132.6,1005935
3,1,79.3,702389
5,3,100.3,1013318
3,5,129.9,1001628
6,3,180.8,1435080
1,4,121.2,756310
6,2,108.2,1030064
5,2,55.2,700575
2,1,146.8,934403
1,5,116.3,860150
4,1,86.1,640256
3,4,82.0,829888
6,3,83.7,924735
1,3,101.8,653527
6,5,41.6,858838
1,1,148.7,760509
5,1,141.4,1125981
5,4,93.3,1010111
5,3,83.8,819969
6,1,99.1,879450
4,5,105.9,940900
5,3,88.0,944368
1,4,140.0,896490
5,5,43.0,744828
2,2,71.5,640442
5,4,131.0,1164787
6,5,113.0,1187646
4,1,72.8,664600
2,2,116.0,694185
6,4,68.3,955234
6,1,87.6,843235
6,2,141.7,1201401
1,3,137.3,869916
6,1,111.5,968828
1,5,58.0,574202
6,4,84.9,1084968
3,2,103.9,710520
2,1,158.2,873305
3,3,30.0,551826
6,4,65.1,987272
2,4,145.1,986254
2,1,154.4,849864
4,3,97.2,833498
3,2,161.5,965190
4,1,70.7,748080
2,2,39.6,410933
1,4,131.6,885485
2,2,151.8,946798
4,3,151.1,1184236
3,5,65.5,733617
6,3,108.0,1038450
6,2,133.6,1162713
3,1,112.0,674430
6,4,157.9,1404859
6,5,83.8,1133998
4,1,97.2,779578
3,1,109.4,705627
5,3,133.3,1142515
1,2,92.2,575445
1,3,137.1,844048
6,2,164.2,1269756
1,3,79.3,543830
3,1,93.4,697724
3,4,138.7,961032
2,2,177.1,927167
2,5,125.4,972691
1,5,68.6,680659
5,1,107.9,859994
2,3,138.4,884349
2,3,67.5,626113
3,1,56.9,514856
5,5,86.2,959598
6,5,126.4,1253998
1,3,45.2,423859
2,2,72.3,502781
5,4,110.9,1043817
5,2,143.6,1105440
1,5,111.6,795548
5,2,115.0,1013730
5,4,140.2,1205052
5,2,163.9,1173652
2,2,159.4,964074
1,2,30.0,286177
5,2,103.9,906435
5,1,136.5,1004877
2,5,168.0,1057454
1,4,125.6,836747
3,5,65.6,771263
2,1,70.9,632212
1,1,72.0,466168
5,1,112.3,872707
1,1,80.8,401591
1,2,30.0,252184
6,5,52.9,882943
1,3,82.2,565962
3,4,45.5,602881
1,1,51.5,331449
3,5,182.0,1267629
5,1,99.7,827332
3,1,84.6,641420
5,1,126.7,924951
5,1,145.8,993353
3,1,189.6,1101407
2,4,168.2,1118665
4,5,117.4,1002313
1,1,38.7,265364
6,1,59.9,732245
4,1,83.9,699150
1,1,120.3,698823
1,2,103.8,683968
5,2,41.1,645956
1,3,33.9,433155
6,1,110.4,948170
1,3,104.8,733617
3,4,91.6,791571
4,3,119.3,981727
3,5,149.9,1166632
6,2,112.4,1028619
1,2,62.3,402253
6,1,176.6,1181111
5,1,92.9,846110
3,4,102.0,855348
3,4,73.9,732196
2,5,57.0,721611
1,1,60.3,343949
5,1,51.5,668714
3,4,30.0,508114
3,4,93.7,823007
5,4,144.1,1144127
6,2,60.6,755589
6,3,202.4,1501369
1,3,155.5,984247
2,1,99.3,657894
3,2,55.6,575297
2,4,36.1,629975
6,1,95.5,927565
6,2,102.7,935580
